account_id,bank,account_type,city,opened_date
A1,BANK_A,personal,Jaipur,2015-04-06
A2,BANK_A,personal,Hyderabad,2011-05-20
A3,BANK_C,personal,Bengaluru,2016-11-08
A4,BANK_B,personal,Jaipur,2022-08-07
A5,BANK_B,personal,Pune,2009-01-30
A6,BANK_B,personal,Jaipur,2009-08-16
A7,BANK_A,personal,Chennai,2020-01-07
A8,BANK_E,personal,Ahmedabad,2010-02-10
A9,BANK_A,personal,Kochi,2016-03-14
A10,BANK_E,personal,Hyderabad,2021-01-26
A11,BANK_D,personal,Hyderabad,2009-04-20
A12,BANK_A,personal,Ahmedabad,2019-05-19
A13,BANK_A,personal,Bengaluru,2012-10-24
A14,BANK_A,personal,Pune,2008-11-03
A15,BANK_B,personal,Hyderabad,2009-12-05
A16,BANK_B,personal,Ahmedabad,2017-09-22
A17,BANK_E,personal,Mumbai,2017-05-18
A18,BANK_E,personal,Chennai,2009-07-26
A19,BANK_A,personal,Delhi,2013-05-25
A20,BANK_E,personal,Ahmedabad,2010-01-13
A21,BANK_B,personal,Pune,2020-05-11
A22,BANK_E,personal,Ahmedabad,2017-07-09
A23,BANK_D,personal,Ahmedabad,2009-04-29
A24,BANK_B,personal,Bengaluru,2020-09-06
A25,BANK_D,personal,Kolkata,2010-10-11
A26,BANK_E,personal,Jaipur,2013-01-02
A27,BANK_C,personal,Delhi,2022-02-22
A28,BANK_A,personal,Kolkata,2022-01-26
A29,BANK_B,personal,Kolkata,2021-01-27
A30,BANK_D,personal,Kolkata,2009-05-21
A31,BANK_C,personal,Pune,2020-12-10
A32,BANK_C,personal,Delhi,2021-02-17
A33,BANK_B,personal,Kolkata,2016-11-23
A34,BANK_B,personal,Kochi,2009-02-10
A35,BANK_C,personal,Kochi,2012-12-16
A36,BANK_A,personal,Mumbai,2009-01-16
A37,BANK_A,personal,Kolkata,2020-06-26
A38,BANK_D,personal,Bengaluru,2010-12-26
A39,BANK_A,personal,Ahmedabad,2014-06-30
A40,BANK_C,personal,Mumbai,2017-05-26
A41,BANK_C,personal,Hyderabad,2011-03-27
A42,BANK_E,personal,Ahmedabad,2020-02-16
A43,BANK_C,personal,Bengaluru,2010-08-22
A44,BANK_A,personal,Delhi,2020-10-20
A45,BANK_D,personal,Mumbai,2014-12-02
A46,BANK_E,personal,Chennai,2020-07-25
A47,BANK_A,personal,Hyderabad,2023-04-18
A48,BANK_D,personal,Pune,2012-01-20
A49,BANK_A,personal,Jaipur,2010-04-24
A50,BANK_E,personal,Pune,2021-01-16
A51,BANK_C,personal,Bengaluru,2020-10-23
A52,BANK_E,personal,Delhi,2022-04-30
A53,BANK_C,personal,Kolkata,2012-03-19
A54,BANK_E,personal,Jaipur,2016-05-08
A55,BANK_B,personal,Kolkata,2010-03-09
A56,BANK_A,personal,Bengaluru,2020-04-14
A57,BANK_A,personal,Delhi,2023-12-21
A58,BANK_B,personal,Ahmedabad,2009-05-29
A59,BANK_C,personal,Kochi,2020-08-28
A60,BANK_A,personal,Ahmedabad,2009-05-03
A61,BANK_B,personal,Ahmedabad,2021-11-18
A62,BANK_A,personal,Hyderabad,2012-08-14
A63,BANK_D,personal,Ahmedabad,2019-02-18
A64,BANK_C,personal,Chennai,2023-04-05
A65,BANK_D,personal,Mumbai,2019-12-04
A66,BANK_C,personal,Pune,2017-08-03
A67,BANK_B,personal,Kochi,2015-01-17
A68,BANK_C,personal,Ahmedabad,2018-06-11
A69,BANK_C,personal,Bengaluru,2021-02-17
A70,BANK_B,personal,Bengaluru,2018-03-01
A71,BANK_C,personal,Jaipur,2016-02-10
A72,BANK_A,personal,Kolkata,2014-09-21
A73,BANK_E,personal,Chennai,2013-07-28
A74,BANK_B,personal,Chennai,2012-01-12
A75,BANK_E,personal,Hyderabad,2023-09-05
A76,BANK_B,personal,Ahmedabad,2013-06-22
A77,BANK_B,personal,Jaipur,2009-11-01
A78,BANK_D,personal,Ahmedabad,2020-11-18
A79,BANK_D,personal,Hyderabad,2014-09-25
A80,BANK_C,personal,Kochi,2019-10-12
A81,BANK_E,personal,Chennai,2019-02-07
A82,BANK_B,personal,Mumbai,2015-09-14
A83,BANK_C,personal,Pune,2024-05-11
A84,BANK_A,personal,Delhi,2018-01-24
A85,BANK_B,personal,Hyderabad,2014-06-16
A86,BANK_A,personal,Kolkata,2021-08-28
A87,BANK_C,personal,Pune,2009-08-22
A88,BANK_D,personal,Kolkata,2010-08-25
A89,BANK_C,personal,Chennai,2019-06-25
A90,BANK_A,personal,Pune,2017-05-18
A91,BANK_B,personal,Chennai,2011-09-13
A92,BANK_E,personal,Jaipur,2015-09-03
A93,BANK_C,personal,Kochi,2011-05-30
A94,BANK_B,personal,Bengaluru,2018-12-19
A95,BANK_D,personal,Kolkata,2017-06-16
A96,BANK_D,personal,Kochi,2008-11-17
A97,BANK_D,personal,Hyderabad,2022-12-27
A98,BANK_B,personal,Mumbai,2009-09-27
A99,BANK_C,personal,Pune,2020-07-07
A100,BANK_B,personal,Kochi,2020-11-07
A101,BANK_C,personal,Ahmedabad,2015-01-14
A102,BANK_E,personal,Kochi,2015-08-18
A103,BANK_E,personal,Hyderabad,2023-08-05
A104,BANK_C,personal,Jaipur,2015-11-08
A105,BANK_A,personal,Jaipur,2021-05-01
A106,BANK_D,personal,Mumbai,2019-02-20
A107,BANK_E,personal,Delhi,2021-01-02
A108,BANK_D,personal,Mumbai,2018-03-26
A109,BANK_C,personal,Pune,2009-07-17
A110,BANK_B,personal,Kolkata,2010-02-05
A111,BANK_D,personal,Kolkata,2014-01-20
A112,BANK_E,personal,Kochi,2018-08-19
A113,BANK_D,personal,Kolkata,2023-08-20
A114,BANK_A,personal,Delhi,2022-11-23
A115,BANK_A,personal,Bengaluru,2009-06-16
A116,BANK_D,personal,Jaipur,2009-05-12
A117,BANK_B,personal,Kochi,2024-05-25
A118,BANK_B,personal,Pune,2023-09-25
A119,BANK_D,personal,Kochi,2014-12-11
A120,BANK_E,personal,Chennai,2022-07-07
A121,BANK_A,personal,Chennai,2020-12-17
A122,BANK_B,personal,Chennai,2023-04-12
A123,BANK_D,personal,Delhi,2017-12-29
A124,BANK_C,personal,Kolkata,2014-05-20
A125,BANK_D,personal,Ahmedabad,2024-01-27
A126,BANK_E,personal,Kochi,2016-08-26
A127,BANK_C,personal,Ahmedabad,2022-12-30
A128,BANK_E,personal,Delhi,2015-10-13
A129,BANK_A,personal,Jaipur,2008-07-03
A130,BANK_A,personal,Kochi,2018-05-10
A131,BANK_E,personal,Delhi,2015-12-21
A132,BANK_C,personal,Kolkata,2011-10-08
A133,BANK_C,personal,Jaipur,2021-09-13
A134,BANK_A,personal,Kolkata,2010-08-17
A135,BANK_C,personal,Delhi,2019-01-27
A136,BANK_D,personal,Pune,2009-04-27
A137,BANK_B,personal,Jaipur,2012-11-22
A138,BANK_D,personal,Hyderabad,2014-06-12
A139,BANK_A,personal,Jaipur,2010-11-25
A140,BANK_B,personal,Kolkata,2013-07-21
A141,BANK_E,personal,Kochi,2016-12-03
A142,BANK_B,personal,Kochi,2016-10-07
A143,BANK_E,personal,Kochi,2019-02-19
A144,BANK_A,personal,Ahmedabad,2009-10-22
A145,BANK_C,personal,Jaipur,2011-09-24
A146,BANK_E,personal,Hyderabad,2018-01-27
A147,BANK_E,personal,Ahmedabad,2017-01-03
A148,BANK_D,personal,Chennai,2020-04-28
A149,BANK_B,personal,Kolkata,2014-03-26
A150,BANK_C,personal,Kolkata,2011-01-26
A151,BANK_A,personal,Mumbai,2017-08-27
A152,BANK_E,personal,Pune,2020-05-04
A153,BANK_E,personal,Jaipur,2014-03-30
A154,BANK_A,personal,Hyderabad,2023-11-04
A155,BANK_E,personal,Chennai,2017-04-25
A156,BANK_C,personal,Jaipur,2016-01-18
A157,BANK_D,personal,Ahmedabad,2023-04-24
A158,BANK_A,personal,Hyderabad,2016-07-13
A159,BANK_A,personal,Jaipur,2013-03-05
A160,BANK_C,personal,Jaipur,2011-05-21
A161,BANK_C,personal,Bengaluru,2009-11-10
A162,BANK_B,personal,Chennai,2011-12-14
A163,BANK_A,personal,Jaipur,2011-05-24
A164,BANK_B,personal,Ahmedabad,2013-03-15
A165,BANK_E,personal,Delhi,2022-10-08
A166,BANK_A,personal,Kochi,2013-03-26
A167,BANK_A,personal,Jaipur,2008-04-08
A168,BANK_D,personal,Pune,2018-11-16
A169,BANK_A,personal,Delhi,2021-03-19
A170,BANK_E,personal,Bengaluru,2012-02-02
A171,BANK_B,personal,Chennai,2013-11-22
A172,BANK_B,personal,Jaipur,2014-04-28
A173,BANK_D,personal,Mumbai,2008-02-03
A174,BANK_E,personal,Bengaluru,2011-04-08
A175,BANK_B,personal,Chennai,2017-05-25
A176,BANK_C,personal,Ahmedabad,2019-12-28
A177,BANK_E,personal,Kolkata,2016-04-12
A178,BANK_E,personal,Pune,2021-09-04
A179,BANK_D,personal,Delhi,2020-09-13
A180,BANK_B,personal,Pune,2015-02-23
A181,BANK_E,personal,Bengaluru,2010-10-25
A182,BANK_B,personal,Pune,2023-06-27
A183,BANK_C,personal,Kochi,2019-07-24
A184,BANK_D,personal,Jaipur,2021-11-07
A185,BANK_C,personal,Ahmedabad,2022-09-09
A186,BANK_D,personal,Chennai,2023-03-02
A187,BANK_E,personal,Delhi,2009-03-18
A188,BANK_D,personal,Kochi,2018-03-29
A189,BANK_A,personal,Bengaluru,2023-04-07
A190,BANK_B,personal,Kochi,2020-07-17
A191,BANK_B,personal,Kolkata,2016-10-19
A192,BANK_B,personal,Ahmedabad,2016-12-04
A193,BANK_C,personal,Kochi,2016-12-12
A194,BANK_A,personal,Pune,2016-11-02
A195,BANK_E,personal,Kolkata,2010-04-28
A196,BANK_E,personal,Delhi,2018-10-19
A197,BANK_B,personal,Ahmedabad,2022-03-24
A198,BANK_E,personal,Kochi,2016-12-24
A199,BANK_B,personal,Kolkata,2009-05-24
A200,BANK_A,personal,Kochi,2012-04-10
A201,BANK_A,personal,Kolkata,2009-07-05
A202,BANK_A,personal,Hyderabad,2012-09-06
A203,BANK_B,personal,Jaipur,2017-11-18
A204,BANK_A,personal,Ahmedabad,2011-08-22
A205,BANK_D,personal,Bengaluru,2010-06-19
A206,BANK_C,personal,Bengaluru,2015-08-17
A207,BANK_A,personal,Hyderabad,2021-06-22
A208,BANK_D,personal,Kochi,2009-03-06
A209,BANK_B,personal,Hyderabad,2010-04-18
A210,BANK_C,personal,Bengaluru,2008-01-02
A211,BANK_D,personal,Hyderabad,2020-09-17
A212,BANK_B,personal,Hyderabad,2011-05-24
A213,BANK_E,personal,Bengaluru,2020-01-13
A214,BANK_B,personal,Ahmedabad,2010-04-11
A215,BANK_E,personal,Kolkata,2016-02-26
A216,BANK_E,personal,Ahmedabad,2021-10-06
A217,BANK_D,personal,Kolkata,2008-07-27
A218,BANK_B,personal,Kochi,2009-07-30
A219,BANK_D,personal,Hyderabad,2012-08-30
A220,BANK_D,personal,Hyderabad,2021-10-09
A221,BANK_C,personal,Mumbai,2016-06-09
A222,BANK_E,personal,Jaipur,2011-05-01
A223,BANK_A,personal,Kochi,2022-03-25
A224,BANK_D,personal,Pune,2013-08-28
A225,BANK_C,personal,Pune,2015-10-16
A226,BANK_D,personal,Kolkata,2021-07-04
A227,BANK_D,personal,Delhi,2016-03-02
A228,BANK_D,personal,Hyderabad,2018-08-20
A229,BANK_A,personal,Chennai,2010-10-03
A230,BANK_C,personal,Hyderabad,2010-08-02
A231,BANK_A,personal,Mumbai,2018-12-12
A232,BANK_D,personal,Kolkata,2018-06-14
A233,BANK_C,personal,Ahmedabad,2018-10-10
A234,BANK_A,personal,Hyderabad,2018-11-07
A235,BANK_B,personal,Ahmedabad,2014-12-29
A236,BANK_C,personal,Bengaluru,2009-12-04
A237,BANK_B,personal,Bengaluru,2011-03-26
A238,BANK_E,personal,Kochi,2010-04-17
A239,BANK_D,personal,Hyderabad,2015-09-07
A240,BANK_B,personal,Kochi,2013-12-08
A241,BANK_C,personal,Hyderabad,2018-09-25
A242,BANK_B,personal,Delhi,2023-07-10
A243,BANK_C,personal,Mumbai,2011-08-15
A244,BANK_D,personal,Jaipur,2019-07-31
A245,BANK_B,personal,Jaipur,2008-07-08
A246,BANK_A,personal,Bengaluru,2012-08-08
A247,BANK_D,personal,Bengaluru,2019-11-06
A248,BANK_E,personal,Chennai,2016-02-11
A249,BANK_A,personal,Kochi,2011-04-15
A250,BANK_A,personal,Bengaluru,2023-06-24
A251,BANK_E,personal,Bengaluru,2020-03-07
A252,BANK_A,personal,Chennai,2008-08-09
A253,BANK_A,personal,Mumbai,2019-11-05
A254,BANK_B,personal,Pune,2014-09-07
A255,BANK_B,personal,Kolkata,2022-06-02
A256,BANK_D,personal,Ahmedabad,2010-01-15
A257,BANK_D,personal,Mumbai,2023-08-13
A258,BANK_D,personal,Delhi,2013-11-09
A259,BANK_B,personal,Chennai,2019-08-17
A260,BANK_B,personal,Kochi,2016-03-23
A261,BANK_A,personal,Delhi,2011-09-30
A262,BANK_B,personal,Pune,2015-12-23
A263,BANK_D,personal,Ahmedabad,2012-12-30
A264,BANK_A,personal,Ahmedabad,2019-12-11
A265,BANK_D,personal,Bengaluru,2020-02-23
A266,BANK_C,personal,Hyderabad,2019-04-11
A267,BANK_D,personal,Kolkata,2015-05-24
A268,BANK_C,personal,Hyderabad,2022-04-10
A269,BANK_D,personal,Chennai,2013-01-01
A270,BANK_E,personal,Mumbai,2021-10-02
A271,BANK_D,personal,Jaipur,2012-05-17
A272,BANK_D,personal,Bengaluru,2013-05-15
A273,BANK_B,personal,Kochi,2016-12-26
A274,BANK_C,personal,Chennai,2013-01-31
A275,BANK_D,personal,Delhi,2012-06-25
A276,BANK_A,personal,Pune,2019-08-11
A277,BANK_B,personal,Delhi,2019-01-19
A278,BANK_E,personal,Chennai,2015-12-22
A279,BANK_A,personal,Pune,2024-05-24
A280,BANK_C,personal,Ahmedabad,2008-08-25
A281,BANK_A,personal,Delhi,2008-08-16
A282,BANK_A,personal,Hyderabad,2014-04-07
A283,BANK_E,personal,Chennai,2018-08-04
A284,BANK_D,personal,Chennai,2013-10-24
A285,BANK_E,personal,Hyderabad,2012-05-05
A286,BANK_E,personal,Jaipur,2023-07-14
A287,BANK_B,personal,Jaipur,2021-07-28
A288,BANK_A,personal,Mumbai,2015-09-21
A289,BANK_E,personal,Kolkata,2018-01-11
A290,BANK_A,personal,Hyderabad,2024-03-20
A291,BANK_B,personal,Ahmedabad,2015-11-03
A292,BANK_A,personal,Kochi,2016-03-06
A293,BANK_E,personal,Kochi,2009-10-21
A294,BANK_A,personal,Ahmedabad,2012-12-11
A295,BANK_B,personal,Delhi,2010-04-16
A296,BANK_C,personal,Kochi,2013-02-01
A297,BANK_A,personal,Ahmedabad,2018-07-17
A298,BANK_E,personal,Hyderabad,2012-05-30
A299,BANK_D,personal,Bengaluru,2015-07-29
A300,BANK_E,personal,Mumbai,2012-08-01
A301,BANK_E,personal,Kolkata,2018-10-28
A302,BANK_A,personal,Delhi,2021-12-30
A303,BANK_E,personal,Ahmedabad,2021-09-08
A304,BANK_A,personal,Hyderabad,2008-01-16
A305,BANK_D,personal,Delhi,2018-10-02
A306,BANK_E,personal,Chennai,2022-08-24
A307,BANK_E,personal,Kolkata,2015-09-19
A308,BANK_D,personal,Hyderabad,2022-06-04
A309,BANK_C,personal,Jaipur,2009-11-25
A310,BANK_E,personal,Bengaluru,2022-10-25
A311,BANK_B,personal,Delhi,2010-09-09
A312,BANK_C,personal,Jaipur,2016-09-17
A313,BANK_B,personal,Pune,2023-12-16
A314,BANK_C,personal,Pune,2012-06-20
A315,BANK_C,personal,Kochi,2018-09-21
A316,BANK_B,personal,Kolkata,2012-01-02
A317,BANK_C,personal,Mumbai,2017-09-24
A318,BANK_D,personal,Pune,2022-04-05
A319,BANK_C,personal,Mumbai,2015-06-16
A320,BANK_A,personal,Delhi,2009-12-11
A321,BANK_A,personal,Delhi,2024-03-10
A322,BANK_D,personal,Ahmedabad,2016-11-16
A323,BANK_E,personal,Kolkata,2018-05-22
A324,BANK_E,personal,Bengaluru,2017-01-01
A325,BANK_A,personal,Chennai,2009-11-26
A326,BANK_A,personal,Hyderabad,2024-04-03
A327,BANK_E,personal,Pune,2011-07-25
A328,BANK_B,personal,Bengaluru,2011-10-24
A329,BANK_E,personal,Ahmedabad,2010-11-06
A330,BANK_C,personal,Hyderabad,2008-08-13
A331,BANK_B,personal,Kolkata,2011-05-23
A332,BANK_C,personal,Hyderabad,2021-04-01
A333,BANK_A,personal,Jaipur,2018-06-09
A334,BANK_B,personal,Jaipur,2022-09-16
A335,BANK_C,personal,Chennai,2011-04-12
A336,BANK_C,personal,Hyderabad,2021-09-19
A337,BANK_A,personal,Kolkata,2021-05-13
A338,BANK_D,personal,Bengaluru,2018-08-21
A339,BANK_B,personal,Chennai,2022-09-28
A340,BANK_C,personal,Mumbai,2015-11-10
A341,BANK_E,personal,Ahmedabad,2011-07-01
A342,BANK_E,personal,Hyderabad,2020-04-21
A343,BANK_A,personal,Delhi,2020-04-18
A344,BANK_E,personal,Pune,2010-12-09
A345,BANK_C,personal,Kochi,2008-06-24
A346,BANK_A,personal,Hyderabad,2008-04-26
A347,BANK_B,personal,Mumbai,2024-04-16
A348,BANK_C,personal,Hyderabad,2022-07-28
A349,BANK_A,personal,Kolkata,2010-04-21
A350,BANK_A,personal,Jaipur,2019-10-23
A351,BANK_E,personal,Bengaluru,2011-02-14
A352,BANK_B,personal,Bengaluru,2017-09-23
A353,BANK_C,personal,Delhi,2012-05-14
A354,BANK_C,personal,Ahmedabad,2012-09-24
A355,BANK_E,personal,Delhi,2008-08-17
A356,BANK_B,personal,Ahmedabad,2013-08-25
A357,BANK_C,personal,Jaipur,2012-10-09
A358,BANK_B,personal,Kolkata,2014-07-27
A359,BANK_C,personal,Pune,2019-03-29
A360,BANK_E,personal,Kochi,2013-05-24
A361,BANK_D,personal,Ahmedabad,2021-02-25
A362,BANK_C,personal,Kochi,2015-04-24
A363,BANK_A,personal,Bengaluru,2013-10-25
A364,BANK_D,personal,Bengaluru,2020-03-17
A365,BANK_D,personal,Jaipur,2017-05-25
A366,BANK_C,personal,Mumbai,2010-12-09
A367,BANK_E,personal,Kochi,2009-05-13
A368,BANK_A,personal,Ahmedabad,2015-12-08
A369,BANK_C,personal,Kochi,2018-04-11
A370,BANK_B,personal,Kolkata,2022-11-09
A371,BANK_C,personal,Mumbai,2021-01-30
A372,BANK_B,personal,Jaipur,2019-08-04
A373,BANK_D,personal,Mumbai,2017-06-07
A374,BANK_E,personal,Chennai,2019-04-02
A375,BANK_D,personal,Kochi,2010-12-07
A376,BANK_E,personal,Kochi,2019-12-05
A377,BANK_A,personal,Bengaluru,2011-05-28
A378,BANK_A,personal,Jaipur,2019-09-28
A379,BANK_A,personal,Kochi,2019-06-14
A380,BANK_B,personal,Delhi,2008-06-02
A381,BANK_E,personal,Delhi,2017-11-14
A382,BANK_A,personal,Kolkata,2012-02-09
A383,BANK_C,personal,Kochi,2021-08-25
A384,BANK_E,personal,Ahmedabad,2008-02-02
A385,BANK_E,personal,Mumbai,2011-05-12
A386,BANK_B,personal,Bengaluru,2011-11-12
A387,BANK_D,personal,Jaipur,2011-03-05
A388,BANK_B,personal,Ahmedabad,2018-08-14
A389,BANK_A,personal,Mumbai,2021-11-19
A390,BANK_C,personal,Kochi,2024-04-06
A391,BANK_C,personal,Ahmedabad,2010-09-12
A392,BANK_A,personal,Chennai,2020-06-24
A393,BANK_C,personal,Ahmedabad,2009-05-20
A394,BANK_B,personal,Delhi,2015-04-24
A395,BANK_B,personal,Kochi,2023-04-21
A396,BANK_A,personal,Pune,2019-08-17
A397,BANK_C,personal,Ahmedabad,2019-11-26
A398,BANK_E,personal,Jaipur,2020-06-16
A399,BANK_D,personal,Chennai,2018-10-27
A400,BANK_E,personal,Kochi,2010-05-19
A401,BANK_B,personal,Ahmedabad,2020-07-25
A402,BANK_B,personal,Hyderabad,2009-04-10
A403,BANK_D,personal,Chennai,2013-07-28
A404,BANK_B,personal,Pune,2012-04-16
A405,BANK_D,personal,Hyderabad,2014-03-18
A406,BANK_A,personal,Chennai,2008-12-11
A407,BANK_B,personal,Bengaluru,2010-03-11
A408,BANK_C,personal,Jaipur,2019-05-22
A409,BANK_D,personal,Mumbai,2018-02-21
A410,BANK_B,personal,Chennai,2020-08-06
A411,BANK_D,personal,Pune,2008-08-16
A412,BANK_A,personal,Kolkata,2009-06-03
A413,BANK_A,personal,Mumbai,2017-12-10
A414,BANK_D,personal,Kochi,2015-04-21
A415,BANK_A,personal,Chennai,2021-09-26
A416,BANK_D,personal,Mumbai,2019-05-04
A417,BANK_B,personal,Ahmedabad,2021-08-05
A418,BANK_B,personal,Chennai,2019-06-27
A419,BANK_D,personal,Hyderabad,2012-06-21
A420,BANK_D,personal,Pune,2023-07-15
A421,BANK_C,personal,Delhi,2014-03-20
A422,BANK_B,personal,Delhi,2018-02-22
A423,BANK_B,personal,Pune,2019-05-25
A424,BANK_A,personal,Kolkata,2019-12-17
A425,BANK_B,personal,Pune,2018-09-21
A426,BANK_D,personal,Ahmedabad,2019-05-22
A427,BANK_C,personal,Pune,2013-07-21
A428,BANK_C,personal,Pune,2023-09-06
A429,BANK_A,personal,Mumbai,2019-09-26
A430,BANK_C,personal,Kochi,2013-10-27
A431,BANK_C,personal,Delhi,2020-07-19
A432,BANK_E,personal,Kolkata,2012-07-17
A433,BANK_D,personal,Mumbai,2018-01-14
A434,BANK_E,personal,Delhi,2011-01-28
A435,BANK_C,personal,Kochi,2017-05-06
A436,BANK_D,personal,Pune,2010-09-23
A437,BANK_A,personal,Kochi,2016-10-19
A438,BANK_C,personal,Delhi,2017-11-30
A439,BANK_B,personal,Bengaluru,2015-02-01
A440,BANK_E,personal,Chennai,2009-08-17
A441,BANK_C,personal,Chennai,2023-01-20
A442,BANK_A,personal,Hyderabad,2013-05-25
A443,BANK_A,personal,Ahmedabad,2017-08-09
A444,BANK_B,personal,Kochi,2009-08-22
A445,BANK_D,personal,Pune,2012-10-08
A446,BANK_C,personal,Kochi,2023-01-06
A447,BANK_C,personal,Pune,2014-10-16
A448,BANK_D,personal,Bengaluru,2010-09-29
A449,BANK_E,personal,Bengaluru,2011-06-19
A450,BANK_E,personal,Ahmedabad,2024-01-23
A451,BANK_A,personal,Kolkata,2022-06-07
A452,BANK_D,personal,Delhi,2022-10-22
A453,BANK_C,personal,Hyderabad,2016-03-18
A454,BANK_B,personal,Bengaluru,2011-03-17
A455,BANK_C,personal,Mumbai,2013-09-04
A456,BANK_A,personal,Chennai,2011-01-29
A457,BANK_D,personal,Pune,2018-06-28
A458,BANK_D,personal,Jaipur,2012-12-03
A459,BANK_E,personal,Chennai,2010-02-10
A460,BANK_C,personal,Bengaluru,2016-12-06
A461,BANK_B,personal,Bengaluru,2018-12-05
A462,BANK_C,personal,Mumbai,2011-08-26
A463,BANK_D,personal,Mumbai,2022-12-23
A464,BANK_A,personal,Jaipur,2013-01-06
A465,BANK_C,personal,Chennai,2011-08-15
A466,BANK_E,personal,Ahmedabad,2023-11-04
A467,BANK_C,personal,Jaipur,2017-09-05
A468,BANK_A,personal,Chennai,2019-07-25
A469,BANK_C,personal,Bengaluru,2017-01-21
A470,BANK_E,personal,Chennai,2015-08-10
A471,BANK_C,personal,Pune,2017-06-13
A472,BANK_D,personal,Ahmedabad,2012-05-22
A473,BANK_C,personal,Bengaluru,2015-12-31
A474,BANK_D,personal,Kochi,2015-02-22
A475,BANK_A,personal,Bengaluru,2010-01-25
A476,BANK_E,personal,Chennai,2024-03-12
A477,BANK_B,personal,Delhi,2016-03-16
A478,BANK_B,personal,Kochi,2008-06-08
A479,BANK_D,personal,Hyderabad,2015-07-31
A480,BANK_D,personal,Bengaluru,2020-06-04
A481,BANK_B,personal,Jaipur,2018-04-15
A482,BANK_E,personal,Kolkata,2017-11-17
A483,BANK_D,personal,Jaipur,2023-10-09
A484,BANK_C,personal,Jaipur,2008-05-28
A485,BANK_D,personal,Kolkata,2016-08-14
A486,BANK_E,personal,Bengaluru,2015-06-08
A487,BANK_A,personal,Hyderabad,2019-08-09
A488,BANK_C,personal,Delhi,2021-12-29
A489,BANK_C,personal,Kochi,2014-08-17
A490,BANK_D,personal,Bengaluru,2019-06-28
A491,BANK_D,personal,Pune,2009-06-10
A492,BANK_C,personal,Hyderabad,2010-07-13
A493,BANK_E,personal,Hyderabad,2013-02-15
A494,BANK_C,personal,Chennai,2010-05-08
A495,BANK_D,personal,Kochi,2009-11-19
A496,BANK_D,personal,Jaipur,2013-12-15
A497,BANK_A,personal,Delhi,2014-02-05
A498,BANK_B,personal,Pune,2008-11-20
A499,BANK_E,personal,Kochi,2012-01-27
A500,BANK_E,personal,Ahmedabad,2014-01-24
A501,BANK_D,personal,Chennai,2010-11-27
A502,BANK_E,personal,Kolkata,2017-06-21
A503,BANK_A,personal,Pune,2023-02-28
A504,BANK_B,personal,Kochi,2013-10-19
A505,BANK_C,personal,Kolkata,2017-02-07
A506,BANK_C,personal,Pune,2011-05-08
A507,BANK_A,personal,Pune,2020-01-13
A508,BANK_B,personal,Delhi,2019-07-19
A509,BANK_C,personal,Hyderabad,2020-10-18
A510,BANK_B,personal,Pune,2019-02-03
A511,BANK_B,personal,Delhi,2023-09-16
A512,BANK_B,personal,Kochi,2015-05-03
A513,BANK_A,personal,Ahmedabad,2010-01-02
A514,BANK_A,personal,Bengaluru,2014-04-05
A515,BANK_B,personal,Bengaluru,2009-04-16
A516,BANK_D,personal,Hyderabad,2023-06-08
A517,BANK_E,personal,Delhi,2012-02-10
A518,BANK_A,personal,Ahmedabad,2017-07-16
A519,BANK_D,personal,Chennai,2009-08-16
A520,BANK_D,personal,Kochi,2014-01-12
A521,BANK_E,personal,Pune,2008-05-17
A522,BANK_A,personal,Pune,2022-03-25
A523,BANK_B,personal,Kochi,2009-12-26
A524,BANK_C,personal,Kochi,2013-11-04
A525,BANK_D,personal,Delhi,2009-11-17
A526,BANK_E,personal,Pune,2021-08-22
A527,BANK_B,personal,Bengaluru,2012-12-26
A528,BANK_A,personal,Hyderabad,2009-06-29
A529,BANK_A,personal,Bengaluru,2013-12-06
A530,BANK_D,personal,Kolkata,2010-09-23
A531,BANK_B,personal,Mumbai,2018-03-06
A532,BANK_B,personal,Ahmedabad,2008-04-04
A533,BANK_E,personal,Kolkata,2015-08-10
A534,BANK_D,personal,Mumbai,2020-05-27
A535,BANK_A,personal,Kochi,2017-05-15
A536,BANK_E,personal,Bengaluru,2014-01-03
A537,BANK_B,personal,Chennai,2021-12-10
A538,BANK_A,personal,Hyderabad,2010-11-24
A539,BANK_D,personal,Pune,2008-12-19
A540,BANK_B,personal,Jaipur,2019-10-26
A541,BANK_D,personal,Jaipur,2023-11-30
A542,BANK_E,personal,Chennai,2013-05-07
A543,BANK_E,personal,Mumbai,2010-06-15
A544,BANK_E,personal,Bengaluru,2011-08-15
A545,BANK_D,personal,Jaipur,2013-11-15
A546,BANK_D,personal,Kochi,2009-02-16
A547,BANK_E,personal,Bengaluru,2012-01-23
A548,BANK_E,personal,Ahmedabad,2012-07-10
A549,BANK_D,personal,Bengaluru,2014-12-30
A550,BANK_E,personal,Kolkata,2022-02-06
A551,BANK_D,personal,Hyderabad,2014-11-03
A552,BANK_B,personal,Chennai,2019-11-29
A553,BANK_D,personal,Bengaluru,2012-08-13
A554,BANK_D,personal,Bengaluru,2014-07-03
A555,BANK_C,personal,Mumbai,2017-12-30
A556,BANK_B,personal,Ahmedabad,2019-03-20
A557,BANK_C,personal,Bengaluru,2023-01-28
A558,BANK_E,personal,Jaipur,2011-12-28
A559,BANK_C,personal,Bengaluru,2014-01-25
A560,BANK_B,personal,Pune,2015-10-13
A561,BANK_C,personal,Bengaluru,2008-05-28
A562,BANK_D,personal,Kochi,2013-08-13
A563,BANK_A,personal,Kolkata,2008-10-29
A564,BANK_A,personal,Hyderabad,2008-05-05
A565,BANK_B,personal,Pune,2008-05-31
A566,BANK_C,personal,Ahmedabad,2019-05-05
A567,BANK_C,personal,Kochi,2020-05-11
A568,BANK_C,personal,Kolkata,2012-04-01
A569,BANK_E,personal,Hyderabad,2019-07-14
A570,BANK_A,personal,Hyderabad,2018-08-25
A571,BANK_B,personal,Kolkata,2013-07-05
A572,BANK_B,personal,Kochi,2018-01-10
A573,BANK_B,personal,Ahmedabad,2010-05-20
A574,BANK_E,personal,Ahmedabad,2022-10-06
A575,BANK_B,personal,Mumbai,2022-07-31
A576,BANK_B,personal,Ahmedabad,2017-09-10
A577,BANK_A,personal,Kolkata,2022-09-22
A578,BANK_D,personal,Bengaluru,2019-02-07
A579,BANK_D,personal,Kolkata,2020-03-30
A580,BANK_C,personal,Kolkata,2016-10-25
A581,BANK_E,personal,Pune,2019-05-13
A582,BANK_D,personal,Chennai,2014-11-26
A583,BANK_D,personal,Jaipur,2023-06-04
A584,BANK_A,personal,Bengaluru,2012-10-28
A585,BANK_B,personal,Delhi,2013-02-23
A586,BANK_C,personal,Chennai,2015-09-08
A587,BANK_D,personal,Hyderabad,2012-06-15
A588,BANK_E,personal,Kochi,2023-11-07
A589,BANK_A,personal,Jaipur,2024-05-06
A590,BANK_E,personal,Jaipur,2022-04-06
A591,BANK_D,personal,Pune,2011-02-18
A592,BANK_D,personal,Hyderabad,2017-01-28
A593,BANK_A,personal,Delhi,2015-10-18
A594,BANK_C,personal,Bengaluru,2009-03-21
A595,BANK_C,personal,Kolkata,2010-11-29
A596,BANK_D,personal,Bengaluru,2008-04-26
A597,BANK_D,personal,Pune,2009-08-02
A598,BANK_E,personal,Jaipur,2022-01-10
A599,BANK_E,personal,Bengaluru,2013-09-24
A600,BANK_E,personal,Ahmedabad,2017-08-29
A601,BANK_E,personal,Kochi,2011-08-30
A602,BANK_A,personal,Kolkata,2009-03-29
A603,BANK_B,personal,Hyderabad,2009-11-23
A604,BANK_C,personal,Ahmedabad,2022-12-02
A605,BANK_D,personal,Ahmedabad,2016-07-17
A606,BANK_E,personal,Ahmedabad,2019-05-07
A607,BANK_A,personal,Delhi,2023-01-15
A608,BANK_B,personal,Kolkata,2014-04-28
A609,BANK_C,personal,Delhi,2021-06-06
A610,BANK_D,personal,Delhi,2013-06-07
A611,BANK_B,personal,Kochi,2023-07-15
A612,BANK_D,personal,Ahmedabad,2014-07-28
A613,BANK_E,personal,Delhi,2009-01-05
A614,BANK_E,personal,Kochi,2018-04-21
A615,BANK_E,personal,Chennai,2012-02-27
A616,BANK_D,personal,Kochi,2011-07-14
A617,BANK_D,personal,Chennai,2014-01-12
A618,BANK_E,personal,Mumbai,2017-12-31
A619,BANK_E,personal,Chennai,2008-01-30
A620,BANK_A,personal,Chennai,2013-11-26
A621,BANK_A,personal,Pune,2016-03-02
A622,BANK_D,personal,Delhi,2015-05-18
A623,BANK_B,personal,Bengaluru,2020-04-08
A624,BANK_D,personal,Mumbai,2015-04-04
A625,BANK_B,personal,Delhi,2013-06-25
A626,BANK_A,personal,Chennai,2008-10-09
A627,BANK_C,personal,Bengaluru,2014-12-10
A628,BANK_D,personal,Kochi,2012-11-19
A629,BANK_D,personal,Ahmedabad,2015-12-31
A630,BANK_B,personal,Kolkata,2012-02-07
A631,BANK_D,personal,Chennai,2008-01-09
A632,BANK_C,personal,Jaipur,2015-07-10
A633,BANK_C,personal,Jaipur,2016-07-23
A634,BANK_D,personal,Ahmedabad,2009-11-18
A635,BANK_C,personal,Ahmedabad,2018-08-24
A636,BANK_D,personal,Chennai,2014-04-03
A637,BANK_C,personal,Chennai,2019-04-11
A638,BANK_A,personal,Kochi,2022-09-18
A639,BANK_D,personal,Kochi,2012-07-04
A640,BANK_A,personal,Pune,2013-07-26
A641,BANK_E,personal,Chennai,2019-04-27
A642,BANK_A,personal,Chennai,2008-02-10
A643,BANK_D,personal,Kochi,2010-01-14
A644,BANK_E,personal,Hyderabad,2013-12-04
A645,BANK_A,personal,Kochi,2010-01-05
A646,BANK_A,personal,Hyderabad,2011-03-24
A647,BANK_A,personal,Chennai,2016-12-16
A648,BANK_B,personal,Kochi,2021-02-28
A649,BANK_B,personal,Pune,2008-12-07
A650,BANK_A,personal,Delhi,2016-11-01
A651,BANK_E,personal,Mumbai,2008-07-03
A652,BANK_B,personal,Mumbai,2014-09-20
A653,BANK_B,personal,Kochi,2014-10-28
A654,BANK_B,personal,Delhi,2022-02-14
A655,BANK_D,personal,Bengaluru,2013-03-22
A656,BANK_A,personal,Bengaluru,2009-11-23
A657,BANK_E,personal,Jaipur,2021-02-18
A658,BANK_B,personal,Kochi,2019-11-14
A659,BANK_D,personal,Hyderabad,2011-06-25
A660,BANK_C,personal,Kolkata,2022-09-30
A661,BANK_C,personal,Hyderabad,2024-01-22
A662,BANK_B,personal,Pune,2021-05-19
A663,BANK_E,personal,Mumbai,2016-09-25
A664,BANK_C,personal,Kolkata,2015-04-25
A665,BANK_A,personal,Pune,2024-02-29
A666,BANK_D,personal,Ahmedabad,2019-01-31
A667,BANK_C,personal,Jaipur,2011-05-09
A668,BANK_A,personal,Bengaluru,2014-05-16
A669,BANK_E,personal,Bengaluru,2024-03-29
A670,BANK_A,personal,Hyderabad,2021-11-16
A671,BANK_C,personal,Mumbai,2022-06-05
A672,BANK_D,personal,Chennai,2011-03-31
A673,BANK_D,personal,Mumbai,2008-12-24
A674,BANK_D,personal,Pune,2024-01-14
A675,BANK_C,personal,Pune,2019-07-04
A676,BANK_D,personal,Pune,2022-01-26
A677,BANK_E,personal,Kochi,2017-08-17
A678,BANK_B,personal,Ahmedabad,2023-09-22
A679,BANK_A,personal,Chennai,2019-05-04
A680,BANK_C,personal,Chennai,2011-02-15
A681,BANK_E,personal,Delhi,2019-09-30
A682,BANK_A,personal,Mumbai,2019-04-24
A683,BANK_E,personal,Ahmedabad,2020-09-30
A684,BANK_A,personal,Pune,2008-05-11
A685,BANK_C,personal,Kolkata,2023-05-25
A686,BANK_E,personal,Jaipur,2021-02-05
A687,BANK_D,personal,Mumbai,2023-12-14
A688,BANK_C,personal,Kochi,2023-04-26
A689,BANK_C,personal,Chennai,2023-07-20
A690,BANK_E,personal,Bengaluru,2022-06-02
A691,BANK_C,personal,Bengaluru,2013-02-26
A692,BANK_A,personal,Jaipur,2009-11-28
A693,BANK_D,personal,Ahmedabad,2008-09-12
A694,BANK_D,personal,Hyderabad,2008-12-08
A695,BANK_A,personal,Chennai,2010-12-26
A696,BANK_D,personal,Mumbai,2022-04-16
A697,BANK_C,personal,Hyderabad,2016-02-02
A698,BANK_D,personal,Kochi,2010-05-09
A699,BANK_B,personal,Jaipur,2016-06-12
A700,BANK_C,personal,Chennai,2018-02-14
A701,BANK_B,personal,Delhi,2020-07-11
A702,BANK_E,personal,Kolkata,2009-02-19
A703,BANK_C,personal,Chennai,2022-01-29
A704,BANK_E,personal,Bengaluru,2008-06-03
A705,BANK_E,personal,Jaipur,2022-01-17
A706,BANK_D,personal,Delhi,2019-12-02
A707,BANK_D,personal,Pune,2023-04-08
A708,BANK_D,personal,Mumbai,2013-06-26
A709,BANK_E,personal,Hyderabad,2018-12-22
A710,BANK_C,personal,Delhi,2013-11-30
A711,BANK_B,personal,Jaipur,2008-01-28
A712,BANK_C,personal,Bengaluru,2018-04-01
A713,BANK_D,personal,Jaipur,2009-07-28
A714,BANK_E,personal,Pune,2019-04-13
A715,BANK_A,personal,Kochi,2020-01-02
A716,BANK_B,personal,Kolkata,2010-01-23
A717,BANK_D,personal,Pune,2022-10-14
A718,BANK_E,personal,Delhi,2019-10-18
A719,BANK_E,personal,Mumbai,2009-06-25
A720,BANK_C,personal,Kochi,2018-08-17
A721,BANK_D,personal,Kolkata,2013-08-27
A722,BANK_A,personal,Chennai,2009-09-01
A723,BANK_D,personal,Mumbai,2013-12-15
A724,BANK_C,personal,Pune,2013-04-07
A725,BANK_B,personal,Bengaluru,2024-05-10
A726,BANK_D,personal,Mumbai,2012-08-08
A727,BANK_B,personal,Kolkata,2013-03-05
A728,BANK_A,personal,Jaipur,2022-07-30
A729,BANK_C,personal,Jaipur,2018-04-29
A730,BANK_C,personal,Jaipur,2019-01-29
A731,BANK_C,personal,Pune,2016-07-30
A732,BANK_E,personal,Kolkata,2009-09-20
A733,BANK_C,personal,Chennai,2018-09-29
A734,BANK_E,personal,Hyderabad,2023-05-02
A735,BANK_A,personal,Ahmedabad,2014-06-11
A736,BANK_E,personal,Ahmedabad,2009-01-17
A737,BANK_B,personal,Bengaluru,2021-11-02
A738,BANK_A,personal,Kolkata,2022-03-11
A739,BANK_B,personal,Kochi,2022-06-01
A740,BANK_D,personal,Pune,2012-06-12
A741,BANK_D,personal,Pune,2009-09-26
A742,BANK_E,personal,Delhi,2021-06-13
A743,BANK_B,personal,Jaipur,2011-04-22
A744,BANK_D,personal,Pune,2015-06-10
A745,BANK_D,personal,Mumbai,2013-09-11
A746,BANK_B,personal,Jaipur,2022-08-12
A747,BANK_A,personal,Hyderabad,2023-07-17
A748,BANK_C,personal,Bengaluru,2014-10-29
A749,BANK_C,personal,Mumbai,2021-12-06
A750,BANK_B,personal,Mumbai,2020-09-25
A751,BANK_D,personal,Hyderabad,2010-12-29
A752,BANK_B,personal,Delhi,2008-04-12
A753,BANK_C,personal,Pune,2018-10-26
A754,BANK_E,personal,Delhi,2009-05-11
A755,BANK_C,personal,Pune,2018-11-23
A756,BANK_D,personal,Kolkata,2014-01-10
A757,BANK_E,personal,Kolkata,2023-01-27
A758,BANK_E,personal,Mumbai,2010-03-26
A759,BANK_C,personal,Mumbai,2023-07-11
A760,BANK_D,personal,Chennai,2012-11-18
A761,BANK_E,personal,Hyderabad,2023-02-26
A762,BANK_C,personal,Ahmedabad,2018-12-24
A763,BANK_C,personal,Kolkata,2014-07-10
A764,BANK_D,personal,Hyderabad,2023-11-25
A765,BANK_C,personal,Mumbai,2019-08-02
A766,BANK_C,personal,Delhi,2014-05-28
A767,BANK_E,personal,Mumbai,2018-06-03
A768,BANK_B,personal,Delhi,2018-06-13
A769,BANK_A,personal,Pune,2018-06-17
A770,BANK_B,personal,Ahmedabad,2010-08-28
A771,BANK_C,personal,Kochi,2020-04-25
A772,BANK_A,personal,Kochi,2012-06-20
A773,BANK_E,personal,Kochi,2014-12-28
A774,BANK_B,personal,Pune,2009-12-04
A775,BANK_B,personal,Mumbai,2018-08-10
A776,BANK_E,personal,Chennai,2008-05-23
A777,BANK_D,personal,Mumbai,2014-06-30
A778,BANK_C,personal,Kolkata,2018-04-17
A779,BANK_C,personal,Kochi,2009-09-18
A780,BANK_E,personal,Mumbai,2019-05-13
A781,BANK_E,personal,Jaipur,2018-01-29
A782,BANK_C,personal,Jaipur,2014-01-09
A783,BANK_A,personal,Kolkata,2016-09-04
A784,BANK_B,personal,Pune,2012-09-14
A785,BANK_C,personal,Chennai,2012-09-22
A786,BANK_B,personal,Hyderabad,2009-09-03
A787,BANK_C,personal,Pune,2021-01-15
A788,BANK_B,personal,Pune,2010-01-09
A789,BANK_C,personal,Mumbai,2011-03-07
A790,BANK_A,personal,Kochi,2019-10-03
A791,BANK_E,personal,Bengaluru,2013-11-14
A792,BANK_B,personal,Jaipur,2016-01-24
A793,BANK_D,personal,Kochi,2010-12-22
A794,BANK_A,personal,Delhi,2021-07-13
A795,BANK_A,personal,Pune,2022-03-02
A796,BANK_E,personal,Delhi,2019-05-30
A797,BANK_C,personal,Delhi,2014-04-09
A798,BANK_B,personal,Hyderabad,2010-07-12
A799,BANK_D,personal,Hyderabad,2023-10-10
A800,BANK_A,personal,Hyderabad,2016-03-10
A801,BANK_A,personal,Ahmedabad,2013-03-10
A802,BANK_B,personal,Delhi,2019-03-02
A803,BANK_C,personal,Mumbai,2018-11-26
A804,BANK_D,personal,Delhi,2016-11-02
A805,BANK_E,personal,Pune,2008-07-22
A806,BANK_A,personal,Hyderabad,2011-07-27
A807,BANK_B,personal,Pune,2008-01-30
A808,BANK_B,personal,Hyderabad,2019-01-10
A809,BANK_A,personal,Ahmedabad,2023-04-15
A810,BANK_C,personal,Mumbai,2018-02-09
A811,BANK_A,personal,Kolkata,2017-02-03
A812,BANK_A,personal,Hyderabad,2014-10-09
A813,BANK_A,personal,Bengaluru,2024-04-23
A814,BANK_A,personal,Ahmedabad,2011-02-26
A815,BANK_D,personal,Jaipur,2017-05-02
A816,BANK_A,personal,Jaipur,2015-09-18
A817,BANK_E,personal,Bengaluru,2016-06-08
A818,BANK_A,personal,Ahmedabad,2015-02-02
A819,BANK_B,personal,Mumbai,2010-09-17
A820,BANK_B,personal,Delhi,2015-06-07
A821,BANK_E,personal,Hyderabad,2008-01-15
A822,BANK_D,personal,Chennai,2015-04-12
A823,BANK_A,personal,Pune,2015-08-03
A824,BANK_B,personal,Kolkata,2016-12-06
A825,BANK_A,personal,Jaipur,2010-09-10
A826,BANK_E,personal,Pune,2012-05-22
A827,BANK_D,personal,Kolkata,2023-12-29
A828,BANK_E,personal,Ahmedabad,2008-04-06
A829,BANK_E,personal,Kolkata,2014-07-02
A830,BANK_E,personal,Pune,2013-09-05
A831,BANK_B,personal,Jaipur,2016-05-07
A832,BANK_E,personal,Delhi,2009-06-16
A833,BANK_D,personal,Hyderabad,2016-10-23
A834,BANK_D,personal,Kolkata,2016-10-01
A835,BANK_D,personal,Jaipur,2021-03-19
A836,BANK_C,personal,Bengaluru,2009-09-17
A837,BANK_A,personal,Ahmedabad,2016-02-02
A838,BANK_D,personal,Kolkata,2017-08-07
A839,BANK_C,personal,Delhi,2014-03-04
A840,BANK_E,personal,Pune,2009-01-30
A841,BANK_E,personal,Kolkata,2014-04-17
A842,BANK_A,personal,Hyderabad,2010-04-13
A843,BANK_E,personal,Ahmedabad,2009-02-26
A844,BANK_A,personal,Jaipur,2022-11-05
A845,BANK_B,personal,Bengaluru,2014-05-28
A846,BANK_B,personal,Kolkata,2022-03-29
A847,BANK_C,personal,Pune,2011-05-04
A848,BANK_B,personal,Hyderabad,2013-08-04
A849,BANK_B,personal,Pune,2013-12-16
A850,BANK_B,personal,Kolkata,2017-10-13
A851,BANK_B,personal,Mumbai,2019-06-17
A852,BANK_E,personal,Jaipur,2015-01-29
A853,BANK_A,personal,Bengaluru,2012-04-04
A854,BANK_B,personal,Jaipur,2016-05-16
A855,BANK_B,personal,Kochi,2017-08-05
A856,BANK_D,personal,Delhi,2008-08-25
A857,BANK_D,personal,Kochi,2022-02-24
A858,BANK_E,personal,Chennai,2016-12-21
A859,BANK_D,personal,Ahmedabad,2020-06-05
A860,BANK_C,personal,Bengaluru,2020-04-26
A861,BANK_A,personal,Ahmedabad,2012-07-24
A862,BANK_B,personal,Hyderabad,2024-02-20
A863,BANK_A,personal,Mumbai,2009-10-22
A864,BANK_C,personal,Pune,2009-02-09
A865,BANK_D,personal,Ahmedabad,2024-06-04
A866,BANK_A,personal,Delhi,2017-03-19
A867,BANK_B,personal,Hyderabad,2018-02-10
A868,BANK_C,personal,Bengaluru,2021-10-16
A869,BANK_E,personal,Hyderabad,2011-02-09
A870,BANK_B,personal,Delhi,2022-06-15
A871,BANK_D,personal,Pune,2014-06-02
A872,BANK_A,personal,Pune,2018-11-21
A873,BANK_E,personal,Mumbai,2009-02-05
A874,BANK_B,personal,Ahmedabad,2020-05-03
A875,BANK_B,personal,Jaipur,2010-11-08
A876,BANK_C,personal,Ahmedabad,2011-10-30
A877,BANK_B,personal,Jaipur,2018-08-04
A878,BANK_A,personal,Pune,2017-04-21
A879,BANK_A,personal,Kochi,2015-09-16
A880,BANK_B,personal,Kochi,2014-04-27
A881,BANK_C,personal,Pune,2014-09-05
A882,BANK_E,personal,Kochi,2013-09-26
A883,BANK_E,personal,Chennai,2022-08-22
A884,BANK_C,personal,Kolkata,2013-11-01
A885,BANK_D,personal,Kochi,2017-02-09
A886,BANK_A,personal,Jaipur,2022-09-17
A887,BANK_D,personal,Mumbai,2013-05-09
A888,BANK_C,personal,Mumbai,2014-09-30
A889,BANK_D,personal,Bengaluru,2018-11-02
A890,BANK_C,personal,Kolkata,2020-07-01
A891,BANK_E,personal,Delhi,2023-01-01
A892,BANK_E,personal,Jaipur,2016-11-04
A893,BANK_D,personal,Chennai,2010-09-07
A894,BANK_D,personal,Jaipur,2011-10-02
A895,BANK_A,personal,Pune,2022-06-05
A896,BANK_D,personal,Kolkata,2011-08-17
A897,BANK_A,personal,Pune,2009-09-07
A898,BANK_D,personal,Mumbai,2012-08-29
A899,BANK_C,personal,Chennai,2019-03-24
A900,BANK_E,personal,Mumbai,2019-02-24
A901,BANK_C,personal,Hyderabad,2020-05-05
A902,BANK_A,personal,Bengaluru,2012-12-07
A903,BANK_A,personal,Kochi,2018-02-27
A904,BANK_B,personal,Kochi,2015-06-19
A905,BANK_E,personal,Kochi,2018-02-03
A906,BANK_E,personal,Jaipur,2017-08-02
A907,BANK_A,personal,Jaipur,2011-02-17
A908,BANK_C,personal,Bengaluru,2020-04-14
A909,BANK_E,personal,Ahmedabad,2012-04-25
A910,BANK_A,personal,Kolkata,2013-06-22
A911,BANK_C,personal,Pune,2010-01-13
A912,BANK_D,personal,Ahmedabad,2011-12-02
A913,BANK_B,personal,Jaipur,2015-09-02
A914,BANK_D,personal,Kochi,2020-06-19
A915,BANK_C,personal,Delhi,2010-01-16
A916,BANK_B,personal,Kolkata,2015-02-28
A917,BANK_E,personal,Chennai,2013-05-12
A918,BANK_D,personal,Ahmedabad,2016-04-05
A919,BANK_D,personal,Mumbai,2013-10-17
A920,BANK_D,personal,Hyderabad,2020-10-10
A921,BANK_D,personal,Pune,2012-07-13
A922,BANK_C,personal,Mumbai,2008-06-13
A923,BANK_B,personal,Mumbai,2017-04-04
A924,BANK_C,personal,Delhi,2016-08-02
A925,BANK_C,personal,Kolkata,2017-04-13
A926,BANK_E,personal,Hyderabad,2019-10-03
A927,BANK_B,personal,Kolkata,2012-09-16
A928,BANK_C,personal,Ahmedabad,2016-06-14
A929,BANK_D,personal,Bengaluru,2014-01-22
A930,BANK_D,personal,Kochi,2015-08-02
A931,BANK_C,personal,Ahmedabad,2009-05-23
A932,BANK_D,personal,Kolkata,2019-03-04
A933,BANK_E,personal,Ahmedabad,2014-03-23
A934,BANK_A,personal,Mumbai,2020-11-17
A935,BANK_D,personal,Ahmedabad,2016-01-29
A936,BANK_A,personal,Ahmedabad,2010-10-28
A937,BANK_C,personal,Kolkata,2023-05-27
A938,BANK_C,personal,Mumbai,2019-04-16
A939,BANK_C,personal,Hyderabad,2019-11-14
A940,BANK_A,personal,Chennai,2022-02-13
A941,BANK_D,personal,Mumbai,2012-11-04
A942,BANK_E,personal,Chennai,2010-01-28
A943,BANK_A,personal,Kolkata,2014-01-29
A944,BANK_E,personal,Mumbai,2013-07-28
A945,BANK_D,personal,Delhi,2016-08-16
A946,BANK_D,personal,Bengaluru,2016-12-18
A947,BANK_A,personal,Kochi,2022-06-26
A948,BANK_B,personal,Delhi,2017-12-31
A949,BANK_E,personal,Kochi,2017-09-07
A950,BANK_C,personal,Delhi,2014-12-31
A951,BANK_E,personal,Kolkata,2008-06-27
A952,BANK_D,personal,Kochi,2010-11-08
A953,BANK_D,personal,Pune,2008-09-21
A954,BANK_A,personal,Ahmedabad,2017-07-15
A955,BANK_B,personal,Bengaluru,2023-11-30
A956,BANK_C,personal,Pune,2018-08-13
A957,BANK_E,personal,Delhi,2021-03-03
A958,BANK_B,personal,Delhi,2018-12-26
A959,BANK_C,personal,Pune,2008-01-02
A960,BANK_D,personal,Pune,2009-08-22
A961,BANK_D,personal,Chennai,2016-10-12
A962,BANK_A,personal,Jaipur,2019-11-03
A963,BANK_A,personal,Bengaluru,2018-07-02
A964,BANK_E,personal,Ahmedabad,2018-01-25
A965,BANK_B,personal,Jaipur,2013-07-28
A966,BANK_B,personal,Pune,2010-06-12
A967,BANK_B,personal,Pune,2013-01-07
A968,BANK_E,personal,Chennai,2011-06-18
A969,BANK_A,personal,Bengaluru,2011-05-30
A970,BANK_E,personal,Bengaluru,2019-09-19
A971,BANK_D,personal,Hyderabad,2023-04-19
A972,BANK_A,personal,Mumbai,2010-06-11
A973,BANK_B,personal,Jaipur,2024-03-09
A974,BANK_A,personal,Mumbai,2023-09-21
A975,BANK_D,personal,Kochi,2022-07-09
A976,BANK_A,personal,Delhi,2018-04-04
A977,BANK_B,personal,Kolkata,2009-11-27
A978,BANK_D,personal,Kolkata,2020-05-14
A979,BANK_C,personal,Bengaluru,2008-11-19
A980,BANK_E,personal,Ahmedabad,2008-01-12
A981,BANK_B,personal,Mumbai,2010-10-26
A982,BANK_B,personal,Hyderabad,2013-03-20
A983,BANK_D,personal,Ahmedabad,2020-10-08
A984,BANK_D,personal,Kochi,2008-11-03
A985,BANK_B,personal,Kolkata,2022-06-23
A986,BANK_E,personal,Jaipur,2024-01-14
A987,BANK_C,personal,Pune,2014-10-24
A988,BANK_B,personal,Jaipur,2010-11-14
A989,BANK_C,personal,Pune,2022-01-19
A990,BANK_B,personal,Jaipur,2013-08-24
A991,BANK_E,personal,Mumbai,2019-11-06
A992,BANK_E,personal,Kolkata,2022-04-09
A993,BANK_B,personal,Kolkata,2017-10-23
A994,BANK_A,personal,Ahmedabad,2023-09-01
A995,BANK_C,personal,Jaipur,2010-07-07
A996,BANK_E,personal,Delhi,2010-03-25
A997,BANK_C,personal,Hyderabad,2009-07-30
A998,BANK_E,personal,Jaipur,2014-09-26
A999,BANK_C,personal,Jaipur,2019-10-06
A1000,BANK_A,personal,Mumbai,2021-01-27
A1001,BANK_C,employer,Delhi,2012-04-19
A1002,BANK_C,employer,Kolkata,2016-09-14
A1003,BANK_E,employer,Mumbai,2013-11-07
A1004,BANK_E,employer,Bengaluru,2013-01-05
A1005,BANK_D,employer,Hyderabad,2021-06-24
A1006,BANK_B,employer,Mumbai,2008-01-10
A1007,BANK_D,employer,Delhi,2008-03-26
A1008,BANK_E,employer,Kolkata,2020-01-21
A1009,BANK_D,employer,Delhi,2014-10-06
A1010,BANK_C,employer,Kochi,2018-05-01
A1011,BANK_C,merchant,Pune,2014-04-01
A1012,BANK_E,merchant,Pune,2015-02-04
A1013,BANK_E,merchant,Jaipur,2022-06-16
A1014,BANK_D,merchant,Delhi,2013-06-08
A1015,BANK_D,merchant,Jaipur,2018-08-29
A1016,BANK_C,merchant,Pune,2019-10-21
A1017,BANK_B,merchant,Pune,2013-04-07
A1018,BANK_B,merchant,Delhi,2020-04-08
A1019,BANK_E,merchant,Ahmedabad,2013-07-16
A1020,BANK_D,merchant,Kochi,2008-08-27
A1021,BANK_B,merchant,Delhi,2017-03-27
A1022,BANK_D,merchant,Kochi,2023-10-21
A1023,BANK_A,merchant,Delhi,2022-07-27
A1024,BANK_C,merchant,Ahmedabad,2014-11-23
A1025,BANK_D,merchant,Hyderabad,2009-03-29
A1026,BANK_D,merchant,Delhi,2008-06-27
A1027,BANK_D,merchant,Delhi,2012-05-09
A1028,BANK_B,merchant,Kolkata,2019-03-06
A1029,BANK_D,merchant,Ahmedabad,2023-02-16
A1030,BANK_A,merchant,Jaipur,2022-07-07
A1031,BANK_B,merchant,Chennai,2017-06-02
A1032,BANK_E,merchant,Kolkata,2009-10-26
A1033,BANK_E,merchant,Chennai,2013-10-08
A1034,BANK_C,merchant,Ahmedabad,2013-02-09
A1035,BANK_A,merchant,Delhi,2022-12-19
A1036,BANK_D,merchant,Bengaluru,2017-07-08
A1037,BANK_A,merchant,Pune,2016-04-20
A1038,BANK_E,merchant,Kochi,2013-01-31
A1039,BANK_D,merchant,Kochi,2019-01-21
A1040,BANK_A,merchant,Ahmedabad,2008-10-06
A1041,BANK_B,company,Pune,2023-08-10
A1042,BANK_D,company,Ahmedabad,2015-08-01
A1043,BANK_B,company,Pune,2024-02-10
A1044,BANK_A,company,Ahmedabad,2017-06-07
A1045,BANK_D,company,Ahmedabad,2016-02-16
A1046,BANK_C,company,Delhi,2023-04-23
A1047,BANK_C,company,Mumbai,2016-11-20
A1048,BANK_E,company,Jaipur,2012-06-10
A1049,BANK_D,company,Chennai,2008-02-25
A1050,BANK_A,company,Bengaluru,2014-07-20
A1051,BANK_C,company,Hyderabad,2019-04-28
A1052,BANK_E,company,Chennai,2009-07-06
A1053,BANK_D,company,Hyderabad,2012-08-08
A1054,BANK_C,company,Bengaluru,2019-02-12
A1055,BANK_D,company,Kochi,2012-06-29
A1056,BANK_E,supplier,Hyderabad,2014-12-28
A1057,BANK_A,supplier,Delhi,2012-05-07
A1058,BANK_E,supplier,Ahmedabad,2013-03-05
A1059,BANK_A,supplier,Jaipur,2018-06-07
A1060,BANK_B,supplier,Ahmedabad,2012-12-19
A1061,BANK_C,supplier,Kochi,2013-12-11
A1062,BANK_B,supplier,Kochi,2014-08-13
A1063,BANK_A,supplier,Mumbai,2010-06-11
A1064,BANK_D,supplier,Jaipur,2021-12-26
A1065,BANK_A,supplier,Mumbai,2019-02-13
A1066,BANK_A,supplier,Hyderabad,2021-09-06
A1067,BANK_D,supplier,Kochi,2012-03-14
A1068,BANK_B,supplier,Kolkata,2013-01-03
A1069,BANK_C,supplier,Kochi,2018-11-17
A1070,BANK_A,supplier,Chennai,2017-05-09
A1071,BANK_A,supplier,Ahmedabad,2022-12-03
A1072,BANK_C,supplier,Kochi,2009-04-07
A1073,BANK_A,supplier,Bengaluru,2021-05-04
A1074,BANK_C,supplier,Pune,2011-04-14
A1075,BANK_C,supplier,Mumbai,2016-10-28
A1076,BANK_C,supplier,Bengaluru,2009-03-21
A1077,BANK_D,supplier,Hyderabad,2012-10-10
A1078,BANK_B,supplier,Chennai,2008-07-12
A1079,BANK_B,supplier,Ahmedabad,2021-05-15
A1080,BANK_E,supplier,Hyderabad,2011-03-08
A1081,BANK_D,supplier,Kolkata,2017-04-25
A1082,BANK_E,supplier,Mumbai,2009-02-28
A1083,BANK_B,supplier,Ahmedabad,2023-12-03
A1084,BANK_B,supplier,Mumbai,2009-05-07
A1085,BANK_B,supplier,Bengaluru,2012-02-17
A1086,BANK_A,ecommerce_hub,Bengaluru,2016-10-27
A1087,BANK_E,ecommerce_hub,Jaipur,2018-01-31
A1088,BANK_D,personal,Kolkata,2023-12-20
A1089,BANK_E,personal,Jaipur,2015-01-17
A1090,BANK_B,personal,Pune,2010-07-16
A1091,BANK_D,personal,Delhi,2009-10-12
A1092,BANK_E,personal,Jaipur,2011-09-18
A1093,BANK_B,personal,Delhi,2015-05-21
A1094,BANK_B,personal,Bengaluru,2012-04-11
A1095,BANK_D,personal,Bengaluru,2012-02-28
A1096,BANK_C,personal,Chennai,2022-08-20
A1097,BANK_D,personal,Jaipur,2019-10-09
A1098,BANK_C,personal,Kolkata,2018-06-27
A1099,BANK_A,personal,Kochi,2008-09-18
A1100,BANK_D,personal,Hyderabad,2014-12-29
A1101,BANK_C,personal,Jaipur,2022-11-26
A1102,BANK_E,personal,Kochi,2024-04-08
A1103,BANK_B,personal,Delhi,2016-06-28
A1104,BANK_A,personal,Kolkata,2016-05-20
A1105,BANK_D,personal,Hyderabad,2015-06-10
A1106,BANK_C,personal,Hyderabad,2017-12-03
A1107,BANK_E,personal,Jaipur,2011-10-18
A1108,BANK_C,personal,Hyderabad,2010-06-11
A1109,BANK_D,personal,Kochi,2008-01-24
A1110,BANK_C,personal,Mumbai,2009-10-02
A1111,BANK_D,personal,Delhi,2014-04-11
A1112,BANK_C,personal,Pune,2009-10-23
A1113,BANK_B,personal,Chennai,2015-11-19
A1114,BANK_D,personal,Hyderabad,2017-06-04
A1115,BANK_D,personal,Delhi,2010-10-10
A1116,BANK_A,personal,Delhi,2020-08-01
A1117,BANK_B,personal,Bengaluru,2012-08-26
A1118,BANK_D,personal,Delhi,2016-07-11
A1119,BANK_E,personal,Kolkata,2015-12-31
A1120,BANK_C,personal,Bengaluru,2014-12-03
A1121,BANK_E,personal,Pune,2017-09-12
A1122,BANK_C,personal,Ahmedabad,2009-12-19
A1123,BANK_C,personal,Delhi,2009-02-07
A1124,BANK_A,personal,Jaipur,2023-10-26
A1125,BANK_D,personal,Hyderabad,2018-08-14
A1126,BANK_C,personal,Pune,2012-05-22
A1127,BANK_A,personal,Pune,2016-05-11
A1128,BANK_E,personal,Ahmedabad,2020-02-23
A1129,BANK_A,personal,Mumbai,2018-01-04
A1130,BANK_E,personal,Mumbai,2012-04-30
A1131,BANK_D,personal,Pune,2015-04-02
A1132,BANK_C,personal,Kochi,2016-03-02
A1133,BANK_B,personal,Hyderabad,2018-08-23
A1134,BANK_E,personal,Kolkata,2008-09-05
A1135,BANK_C,personal,Ahmedabad,2022-03-02
A1136,BANK_B,personal,Ahmedabad,2017-03-19
A1137,BANK_B,personal,Kolkata,2013-07-24
A1138,BANK_E,personal,Jaipur,2022-01-10
A1139,BANK_C,personal,Chennai,2017-01-28
A1140,BANK_B,personal,Mumbai,2008-11-29
A1141,BANK_A,personal,Ahmedabad,2016-06-03
A1142,BANK_A,personal,Kolkata,2008-10-12
A1143,BANK_C,personal,Mumbai,2018-05-29
A1144,BANK_D,personal,Kochi,2009-05-27
A1145,BANK_A,personal,Pune,2009-05-22
A1146,BANK_E,personal,Bengaluru,2013-10-06
A1147,BANK_C,personal,Pune,2012-05-15
A1148,BANK_B,personal,Bengaluru,2009-05-29
A1149,BANK_A,personal,Ahmedabad,2021-08-01
A1150,BANK_C,personal,Hyderabad,2015-08-09
A1151,BANK_C,personal,Kolkata,2016-02-21
A1152,BANK_D,personal,Hyderabad,2014-02-08
A1153,BANK_B,personal,Kolkata,2015-07-07
A1154,BANK_B,personal,Kochi,2021-11-02
A1155,BANK_B,personal,Jaipur,2008-12-23
A1156,BANK_E,personal,Delhi,2013-11-17
A1157,BANK_C,personal,Jaipur,2024-01-27
A1158,BANK_E,personal,Ahmedabad,2023-06-20
A1159,BANK_E,personal,Kolkata,2015-02-05
A1160,BANK_C,personal,Chennai,2014-03-07
A1161,BANK_B,personal,Chennai,2014-09-02
A1162,BANK_C,personal,Mumbai,2008-01-31
A1163,BANK_D,personal,Ahmedabad,2024-03-08
A1164,BANK_C,personal,Chennai,2021-05-10
A1165,BANK_C,personal,Mumbai,2022-03-21
A1166,BANK_A,personal,Delhi,2009-06-19
A1167,BANK_D,personal,Ahmedabad,2008-07-17
A1168,BANK_A,personal,Ahmedabad,2013-03-30
A1169,BANK_B,personal,Chennai,2010-05-28
A1170,BANK_B,personal,Pune,2018-08-28
A1171,BANK_D,personal,Bengaluru,2024-01-18
A1172,BANK_E,personal,Delhi,2018-06-12
A1173,BANK_C,personal,Hyderabad,2016-09-01
A1174,BANK_A,personal,Delhi,2013-08-18
A1175,BANK_D,personal,Hyderabad,2017-08-23
A1176,BANK_A,personal,Mumbai,2019-01-25
A1177,BANK_C,personal,Kolkata,2010-12-23
A1178,BANK_E,personal,Hyderabad,2019-02-19
A1179,BANK_A,personal,Mumbai,2012-02-07
A1180,BANK_D,personal,Kolkata,2008-03-12
A1181,BANK_C,personal,Delhi,2014-10-20
A1182,BANK_C,personal,Chennai,2023-07-10
A1183,BANK_E,personal,Pune,2011-05-24
A1184,BANK_D,personal,Hyderabad,2021-08-14
A1185,BANK_C,personal,Bengaluru,2013-04-18
A1186,BANK_A,personal,Pune,2015-05-09
A1187,BANK_B,personal,Mumbai,2015-03-02
A1188,BANK_D,personal,Mumbai,2018-05-02
A1189,BANK_A,personal,Chennai,2016-02-12
A1190,BANK_E,personal,Bengaluru,2021-05-12
A1191,BANK_E,personal,Ahmedabad,2009-10-09
A1192,BANK_C,personal,Mumbai,2019-06-25
A1193,BANK_E,personal,Delhi,2012-06-04
A1194,BANK_B,personal,Jaipur,2016-10-13
A1195,BANK_A,personal,Bengaluru,2011-08-03
A1196,BANK_D,personal,Kochi,2013-07-18
A1197,BANK_C,personal,Ahmedabad,2017-02-22
A1198,BANK_D,personal,Chennai,2009-06-14
A1199,BANK_A,personal,Chennai,2022-07-27
A1200,BANK_B,personal,Kolkata,2008-10-04
A1201,BANK_A,personal,Mumbai,2018-10-21
A1202,BANK_A,personal,Pune,2020-05-23
A1203,BANK_C,personal,Delhi,2020-03-19
A1204,BANK_D,personal,Ahmedabad,2015-04-22
A1205,BANK_A,personal,Mumbai,2011-08-09
A1206,BANK_A,personal,Bengaluru,2017-07-26
A1207,BANK_B,personal,Pune,2010-05-11
A1208,BANK_E,personal,Mumbai,2009-08-14
A1209,BANK_B,personal,Mumbai,2013-12-09
A1210,BANK_D,personal,Mumbai,2022-01-03
A1211,BANK_D,personal,Kolkata,2009-11-19
A1212,BANK_C,personal,Kolkata,2012-09-02
A1213,BANK_E,personal,Hyderabad,2010-02-28
A1214,BANK_D,personal,Delhi,2017-06-11
A1215,BANK_E,personal,Pune,2019-03-07
A1216,BANK_B,personal,Delhi,2023-12-02
A1217,BANK_D,personal,Delhi,2018-01-09
A1218,BANK_A,personal,Mumbai,2011-11-19
A1219,BANK_D,personal,Kochi,2013-04-02
A1220,BANK_E,personal,Jaipur,2010-12-24
A1221,BANK_D,personal,Chennai,2017-05-07
A1222,BANK_C,personal,Jaipur,2018-05-03
A1223,BANK_A,personal,Delhi,2021-11-29
A1224,BANK_C,personal,Ahmedabad,2023-02-13
A1225,BANK_B,personal,Kolkata,2013-04-08
A1226,BANK_D,personal,Bengaluru,2020-01-29
A1227,BANK_D,personal,Delhi,2022-11-25
A1228,BANK_B,personal,Pune,2010-09-19
A1229,BANK_C,personal,Jaipur,2014-08-04
A1230,BANK_A,personal,Ahmedabad,2014-08-03
A1231,BANK_C,personal,Bengaluru,2014-04-07
A1232,BANK_E,personal,Mumbai,2020-09-17
A1233,BANK_C,personal,Mumbai,2014-01-01
A1234,BANK_A,personal,Delhi,2016-05-13
A1235,BANK_D,personal,Mumbai,2013-09-12
A1236,BANK_C,personal,Jaipur,2013-11-02
A1237,BANK_B,personal,Pune,2012-06-19
A1238,BANK_A,personal,Kolkata,2017-11-08
A1239,BANK_D,personal,Pune,2013-07-19
A1240,BANK_A,personal,Kolkata,2012-03-01
A1241,BANK_B,personal,Delhi,2013-07-02
A1242,BANK_E,personal,Bengaluru,2013-04-13
A1243,BANK_A,personal,Hyderabad,2011-06-10
A1244,BANK_A,personal,Mumbai,2014-04-23
A1245,BANK_C,personal,Bengaluru,2020-12-20
A1246,BANK_B,personal,Kochi,2012-03-22
A1247,BANK_B,personal,Jaipur,2015-04-27
A1248,BANK_E,personal,Jaipur,2009-06-14
A1249,BANK_B,personal,Jaipur,2016-11-18
A1250,BANK_A,personal,Hyderabad,2013-08-23
A1251,BANK_E,personal,Chennai,2013-07-07
A1252,BANK_B,personal,Hyderabad,2019-05-19
A1253,BANK_E,personal,Bengaluru,2019-10-21
A1254,BANK_B,personal,Kochi,2013-03-10
A1255,BANK_B,personal,Jaipur,2022-07-27
A1256,BANK_C,personal,Kochi,2010-04-03
A1257,BANK_B,personal,Bengaluru,2022-08-27
A1258,BANK_E,personal,Pune,2018-05-28
A1259,BANK_A,personal,Hyderabad,2008-10-30
A1260,BANK_C,personal,Chennai,2010-04-18
A1261,BANK_B,personal,Bengaluru,2008-02-06
A1262,BANK_B,personal,Ahmedabad,2018-08-25
A1263,BANK_E,personal,Pune,2013-03-08
A1264,BANK_C,personal,Mumbai,2018-01-20
A1265,BANK_B,personal,Bengaluru,2016-05-20
A1266,BANK_A,personal,Ahmedabad,2008-11-26
A1267,BANK_A,personal,Jaipur,2014-08-02
A1268,BANK_B,personal,Mumbai,2013-03-22
A1269,BANK_A,personal,Kochi,2010-09-03
A1270,BANK_C,personal,Chennai,2009-02-16
A1271,BANK_B,personal,Kolkata,2012-04-01
A1272,BANK_E,personal,Kolkata,2021-06-20
A1273,BANK_C,personal,Delhi,2021-01-29
A1274,BANK_A,personal,Pune,2012-05-09
A1275,BANK_B,personal,Jaipur,2009-09-07
A1276,BANK_C,personal,Pune,2016-05-07
A1277,BANK_A,personal,Kolkata,2019-07-01
A1278,BANK_B,personal,Kochi,2011-12-27
A1279,BANK_D,personal,Delhi,2018-01-27
A1280,BANK_E,personal,Ahmedabad,2021-07-11
A1281,BANK_A,personal,Mumbai,2013-10-30
A1282,BANK_A,personal,Chennai,2022-11-28
A1283,BANK_D,personal,Jaipur,2008-02-21
A1284,BANK_D,personal,Mumbai,2010-05-16
A1285,BANK_C,personal,Chennai,2022-04-19
A1286,BANK_E,personal,Hyderabad,2021-05-15
A1287,BANK_E,personal,Bengaluru,2023-12-01
A1288,BANK_A,personal,Chennai,2021-11-26
A1289,BANK_D,personal,Chennai,2015-11-04
A1290,BANK_E,personal,Pune,2012-11-17
A1291,BANK_B,personal,Kochi,2008-11-02
A1292,BANK_E,personal,Hyderabad,2016-04-08
A1293,BANK_A,personal,Kochi,2015-08-17
A1294,BANK_E,personal,Pune,2011-03-04
A1295,BANK_C,personal,Pune,2008-12-27
A1296,BANK_D,personal,Pune,2012-07-28
A1297,BANK_A,personal,Mumbai,2013-09-19
A1298,BANK_A,personal,Kochi,2008-11-09
A1299,BANK_D,personal,Kochi,2021-06-11
A1300,BANK_D,personal,Jaipur,2024-06-03
A1301,BANK_D,personal,Delhi,2022-08-13
A1302,BANK_A,personal,Hyderabad,2012-07-24
A1303,BANK_D,personal,Mumbai,2008-04-03
A1304,BANK_D,personal,Hyderabad,2015-05-04
A1305,BANK_A,personal,Mumbai,2017-03-04
A1306,BANK_A,personal,Kochi,2023-03-19
A1307,BANK_C,personal,Bengaluru,2016-05-03
A1308,BANK_E,personal,Delhi,2012-02-25
A1309,BANK_B,personal,Kochi,2021-12-05
A1310,BANK_A,personal,Kolkata,2015-01-01
A1311,BANK_B,personal,Pune,2009-09-30
A1312,BANK_C,personal,Jaipur,2012-07-24
A1313,BANK_E,personal,Mumbai,2008-09-14
A1314,BANK_E,personal,Hyderabad,2019-02-12
A1315,BANK_E,personal,Pune,2020-04-16
A1316,BANK_C,personal,Bengaluru,2018-11-04
A1317,BANK_D,personal,Chennai,2009-06-02
A1318,BANK_E,personal,Bengaluru,2017-02-25
A1319,BANK_E,personal,Mumbai,2010-04-10
A1320,BANK_C,personal,Pune,2016-11-12
A1321,BANK_D,personal,Mumbai,2022-11-22
A1322,BANK_E,personal,Ahmedabad,2020-05-03
A1323,BANK_E,personal,Jaipur,2011-06-20
A1324,BANK_D,personal,Jaipur,2022-05-03
A1325,BANK_A,personal,Chennai,2019-12-23
A1326,BANK_A,personal,Hyderabad,2010-01-16
A1327,BANK_E,personal,Delhi,2022-08-24
A1328,BANK_B,personal,Mumbai,2011-09-02
A1329,BANK_D,personal,Chennai,2016-12-02
A1330,BANK_D,personal,Delhi,2023-08-06
A1331,BANK_B,personal,Chennai,2014-01-30
A1332,BANK_D,personal,Delhi,2017-03-10
A1333,BANK_C,personal,Ahmedabad,2014-05-09
A1334,BANK_D,personal,Kolkata,2022-12-23
A1335,BANK_D,personal,Kochi,2014-11-24
A1336,BANK_D,personal,Kochi,2017-05-15
A1337,BANK_A,personal,Hyderabad,2009-02-24
A1338,BANK_C,personal,Delhi,2015-01-02
A1339,BANK_D,personal,Kolkata,2020-09-14
A1340,BANK_C,personal,Delhi,2016-01-05
A1341,BANK_C,personal,Hyderabad,2017-04-15
A1342,BANK_C,personal,Mumbai,2017-05-04
A1343,BANK_B,personal,Chennai,2008-05-29
A1344,BANK_D,personal,Kolkata,2016-02-28
A1345,BANK_A,personal,Pune,2022-06-15
A1346,BANK_A,personal,Hyderabad,2012-06-03
A1347,BANK_A,personal,Kochi,2016-10-05
A1348,BANK_A,personal,Mumbai,2024-04-30
A1349,BANK_D,personal,Hyderabad,2017-01-30
A1350,BANK_A,personal,Jaipur,2012-07-26
A1351,BANK_C,personal,Mumbai,2008-02-18
A1352,BANK_B,personal,Ahmedabad,2017-09-26
A1353,BANK_E,personal,Ahmedabad,2011-07-06
A1354,BANK_A,personal,Kochi,2017-07-03
A1355,BANK_E,personal,Kolkata,2010-07-19
A1356,BANK_E,personal,Chennai,2010-01-11
A1357,BANK_E,personal,Ahmedabad,2017-02-09
A1358,BANK_C,personal,Jaipur,2020-12-16
A1359,BANK_A,personal,Delhi,2016-03-06
A1360,BANK_D,personal,Kolkata,2018-05-03
A1361,BANK_C,personal,Delhi,2011-08-24
A1362,BANK_D,personal,Hyderabad,2010-11-30
A1363,BANK_A,personal,Mumbai,2008-05-01
A1364,BANK_C,personal,Jaipur,2009-02-27
A1365,BANK_E,personal,Mumbai,2020-05-15
A1366,BANK_C,personal,Bengaluru,2011-03-13
A1367,BANK_C,personal,Kochi,2022-05-15
A1368,BANK_A,personal,Chennai,2016-11-23
A1369,BANK_E,personal,Chennai,2009-12-30
A1370,BANK_E,personal,Chennai,2020-11-05
A1371,BANK_B,personal,Bengaluru,2021-12-15
A1372,BANK_B,personal,Chennai,2016-04-25
A1373,BANK_D,personal,Ahmedabad,2019-04-25
A1374,BANK_B,personal,Kolkata,2011-11-07
A1375,BANK_A,personal,Pune,2011-04-10
A1376,BANK_C,personal,Delhi,2015-10-21
A1377,BANK_E,personal,Delhi,2014-05-09
A1378,BANK_C,personal,Chennai,2011-08-18
A1379,BANK_A,personal,Kochi,2019-09-09
A1380,BANK_C,personal,Pune,2011-11-08
A1381,BANK_E,personal,Bengaluru,2009-07-03
A1382,BANK_B,personal,Kolkata,2010-06-10
A1383,BANK_D,personal,Bengaluru,2016-08-09
A1384,BANK_E,personal,Pune,2019-01-01
A1385,BANK_E,personal,Kolkata,2012-06-04
A1386,BANK_E,personal,Hyderabad,2014-10-06
A1387,BANK_E,personal,Mumbai,2010-11-03
A1388,BANK_A,personal,Jaipur,2008-12-22
A1389,BANK_E,personal,Kolkata,2018-10-29
A1390,BANK_C,personal,Mumbai,2015-01-20
A1391,BANK_A,personal,Kochi,2009-03-13
A1392,BANK_B,personal,Chennai,2021-08-17
A1393,BANK_C,personal,Delhi,2022-04-10
A1394,BANK_C,personal,Bengaluru,2016-09-12
A1395,BANK_C,personal,Kochi,2009-12-07
A1396,BANK_C,personal,Chennai,2023-12-23
A1397,BANK_A,personal,Pune,2021-11-29
A1398,BANK_B,personal,Mumbai,2023-06-08
A1399,BANK_B,personal,Ahmedabad,2011-08-05
A1400,BANK_E,personal,Hyderabad,2022-05-12
A1401,BANK_D,personal,Hyderabad,2012-12-24
A1402,BANK_A,personal,Kolkata,2021-12-05
A1403,BANK_B,personal,Mumbai,2017-01-26
A1404,BANK_A,personal,Kochi,2021-10-14
A1405,BANK_A,personal,Ahmedabad,2012-05-25
A1406,BANK_E,personal,Chennai,2018-08-10
A1407,BANK_B,personal,Kolkata,2012-02-07
A1408,BANK_D,personal,Bengaluru,2020-09-05
A1409,BANK_D,personal,Hyderabad,2012-11-21
A1410,BANK_D,personal,Jaipur,2008-12-07
A1411,BANK_C,personal,Hyderabad,2016-12-18
A1412,BANK_B,personal,Jaipur,2019-08-13
A1413,BANK_C,personal,Bengaluru,2011-07-05
A1414,BANK_C,personal,Ahmedabad,2016-08-08
A1415,BANK_C,personal,Kolkata,2016-01-21
A1416,BANK_E,personal,Jaipur,2010-10-05
A1417,BANK_E,personal,Ahmedabad,2011-05-09
A1418,BANK_A,personal,Bengaluru,2013-07-16
A1419,BANK_A,personal,Kochi,2024-04-04
A1420,BANK_B,personal,Bengaluru,2012-04-26
A1421,BANK_B,personal,Delhi,2008-12-02
A1422,BANK_E,personal,Chennai,2020-08-11
A1423,BANK_A,personal,Pune,2023-01-29
A1424,BANK_A,personal,Chennai,2008-11-08
A1425,BANK_C,personal,Bengaluru,2022-12-24
A1426,BANK_D,personal,Kochi,2015-04-09
A1427,BANK_D,personal,Kolkata,2010-08-22
A1428,BANK_D,personal,Chennai,2016-09-28
A1429,BANK_E,personal,Kolkata,2021-06-12
A1430,BANK_D,personal,Chennai,2018-03-22
A1431,BANK_D,personal,Pune,2020-05-03
A1432,BANK_C,personal,Hyderabad,2022-01-23
A1433,BANK_B,personal,Mumbai,2014-11-13
A1434,BANK_E,personal,Bengaluru,2022-07-22
A1435,BANK_A,personal,Kochi,2017-06-03
A1436,BANK_C,personal,Bengaluru,2014-11-29
A1437,BANK_D,personal,Pune,2021-01-24
A1438,BANK_A,personal,Ahmedabad,2013-08-03
A1439,BANK_C,personal,Chennai,2017-07-19
A1440,BANK_E,personal,Delhi,2016-09-23
A1441,BANK_D,personal,Hyderabad,2022-10-11
A1442,BANK_E,personal,Mumbai,2016-03-29
A1443,BANK_C,personal,Chennai,2018-01-08
A1444,BANK_A,personal,Bengaluru,2019-04-18
A1445,BANK_B,personal,Kochi,2017-10-30
A1446,BANK_D,personal,Pune,2012-01-04
A1447,BANK_E,personal,Kolkata,2008-07-10
A1448,BANK_A,personal,Ahmedabad,2008-01-29
A1449,BANK_A,personal,Mumbai,2021-11-17
A1450,BANK_B,personal,Jaipur,2018-12-23
A1451,BANK_C,personal,Mumbai,2018-06-08
A1452,BANK_B,personal,Kochi,2013-04-11
A1453,BANK_B,personal,Delhi,2018-01-08
A1454,BANK_C,personal,Pune,2021-11-15
A1455,BANK_C,personal,Mumbai,2018-04-12
A1456,BANK_C,personal,Jaipur,2012-01-11
A1457,BANK_A,personal,Jaipur,2018-08-12
A1458,BANK_A,personal,Chennai,2016-12-23
A1459,BANK_D,personal,Pune,2010-05-27
A1460,BANK_D,personal,Delhi,2009-07-03
A1461,BANK_B,personal,Bengaluru,2010-11-18
A1462,BANK_B,personal,Hyderabad,2016-01-16
A1463,BANK_D,personal,Hyderabad,2017-08-28
A1464,BANK_E,personal,Kolkata,2016-03-11
A1465,BANK_B,personal,Pune,2010-01-21
A1466,BANK_E,personal,Kolkata,2017-11-29
A1467,BANK_E,personal,Kolkata,2019-04-24
A1468,BANK_C,personal,Ahmedabad,2019-06-11
A1469,BANK_A,personal,Hyderabad,2022-09-26
A1470,BANK_D,personal,Bengaluru,2008-11-29
A1471,BANK_A,personal,Mumbai,2008-11-29
A1472,BANK_D,personal,Bengaluru,2022-04-10
A1473,BANK_A,personal,Delhi,2010-12-03
A1474,BANK_D,personal,Jaipur,2009-11-04
A1475,BANK_A,personal,Mumbai,2015-01-14
A1476,BANK_C,personal,Delhi,2024-02-27
A1477,BANK_E,personal,Mumbai,2019-06-22
A1478,BANK_D,personal,Delhi,2009-10-17
A1479,BANK_E,personal,Ahmedabad,2009-03-20
A1480,BANK_D,personal,Ahmedabad,2019-04-21
A1481,BANK_D,personal,Kolkata,2016-06-22
A1482,BANK_C,personal,Pune,2022-08-22
A1483,BANK_A,personal,Mumbai,2011-01-20
A1484,BANK_D,personal,Kochi,2008-07-30
A1485,BANK_A,personal,Kolkata,2009-06-27
A1486,BANK_C,personal,Bengaluru,2021-10-09
A1487,BANK_B,personal,Ahmedabad,2024-06-02
A1488,BANK_E,personal,Hyderabad,2023-07-14
A1489,BANK_D,personal,Ahmedabad,2010-06-16
A1490,BANK_C,personal,Hyderabad,2012-05-05
A1491,BANK_A,personal,Mumbai,2010-12-14
A1492,BANK_D,personal,Mumbai,2019-01-12
A1493,BANK_A,personal,Delhi,2014-06-16
A1494,BANK_B,personal,Hyderabad,2011-09-14
A1495,BANK_D,personal,Jaipur,2023-05-22
A1496,BANK_E,personal,Chennai,2024-03-04
A1497,BANK_D,personal,Bengaluru,2012-12-16
A1498,BANK_E,personal,Kolkata,2009-06-20
A1499,BANK_A,personal,Delhi,2015-11-14
A1500,BANK_D,personal,Mumbai,2021-09-09
A1501,BANK_C,personal,Bengaluru,2013-08-28
A1502,BANK_C,personal,Kolkata,2011-07-24
A1503,BANK_B,personal,Pune,2015-04-06
A1504,BANK_C,personal,Kochi,2021-10-05
A1505,BANK_B,personal,Chennai,2014-03-02
A1506,BANK_A,personal,Hyderabad,2018-03-27
A1507,BANK_E,personal,Hyderabad,2011-03-22
A1508,BANK_A,personal,Delhi,2013-09-13
A1509,BANK_E,personal,Chennai,2019-04-07
A1510,BANK_E,personal,Pune,2018-10-08
A1511,BANK_B,personal,Ahmedabad,2012-09-02
A1512,BANK_C,personal,Kochi,2021-04-10
A1513,BANK_C,personal,Kochi,2013-11-23
A1514,BANK_B,personal,Bengaluru,2021-10-24
A1515,BANK_B,personal,Mumbai,2019-05-08
A1516,BANK_A,personal,Ahmedabad,2013-04-28
A1517,BANK_B,personal,Mumbai,2015-02-26
A1518,BANK_C,personal,Delhi,2016-05-07
A1519,BANK_B,personal,Mumbai,2008-10-28
A1520,BANK_B,personal,Chennai,2012-06-17
A1521,BANK_E,personal,Chennai,2012-01-31
A1522,BANK_B,personal,Bengaluru,2017-01-18
A1523,BANK_A,personal,Delhi,2011-08-13
A1524,BANK_B,personal,Bengaluru,2022-04-11
A1525,BANK_D,personal,Pune,2014-03-28
A1526,BANK_D,personal,Kolkata,2023-03-30
A1527,BANK_E,personal,Mumbai,2015-05-09
A1528,BANK_E,personal,Jaipur,2016-06-14
A1529,BANK_D,personal,Jaipur,2011-10-14
A1530,BANK_E,personal,Hyderabad,2013-12-05
A1531,BANK_E,personal,Mumbai,2010-07-31
A1532,BANK_C,personal,Chennai,2019-11-26
A1533,BANK_C,personal,Mumbai,2009-02-01
A1534,BANK_B,personal,Bengaluru,2022-04-09
A1535,BANK_D,personal,Ahmedabad,2016-01-26
A1536,BANK_A,personal,Delhi,2018-02-28
A1537,BANK_D,personal,Mumbai,2020-06-14
A1538,BANK_D,personal,Kolkata,2019-09-11
A1539,BANK_C,personal,Mumbai,2021-01-03
A1540,BANK_C,personal,Chennai,2023-06-13
A1541,BANK_E,personal,Ahmedabad,2010-05-06
A1542,BANK_A,personal,Chennai,2013-08-26
A1543,BANK_C,personal,Delhi,2020-01-06
A1544,BANK_E,personal,Jaipur,2022-02-15
A1545,BANK_A,personal,Pune,2016-11-03
A1546,BANK_C,personal,Pune,2016-05-01
A1547,BANK_D,personal,Ahmedabad,2013-12-08
A1548,BANK_D,personal,Chennai,2016-06-05
A1549,BANK_A,personal,Pune,2016-04-10
A1550,BANK_A,personal,Pune,2020-12-12
A1551,BANK_C,personal,Delhi,2011-04-12
A1552,BANK_C,personal,Kolkata,2016-01-30
A1553,BANK_A,personal,Bengaluru,2015-06-03
A1554,BANK_A,personal,Delhi,2009-10-28
A1555,BANK_E,personal,Hyderabad,2017-12-02
A1556,BANK_E,personal,Hyderabad,2013-02-27
A1557,BANK_E,personal,Ahmedabad,2011-12-18
A1558,BANK_D,personal,Delhi,2021-10-20
A1559,BANK_D,personal,Chennai,2009-01-30
A1560,BANK_E,personal,Jaipur,2014-08-24
A1561,BANK_E,personal,Jaipur,2019-07-29
A1562,BANK_A,personal,Jaipur,2013-09-08
A1563,BANK_D,personal,Bengaluru,2014-12-15
A1564,BANK_E,personal,Hyderabad,2022-05-03
A1565,BANK_B,personal,Ahmedabad,2021-02-20
A1566,BANK_C,personal,Pune,2022-11-20
A1567,BANK_E,personal,Kochi,2015-01-05
A1568,BANK_D,personal,Ahmedabad,2008-01-15
A1569,BANK_E,personal,Chennai,2008-10-03
A1570,BANK_B,personal,Mumbai,2012-12-20
A1571,BANK_A,personal,Hyderabad,2011-05-08
A1572,BANK_D,personal,Pune,2014-07-11
A1573,BANK_A,personal,Delhi,2021-10-25
A1574,BANK_C,personal,Pune,2022-01-12
A1575,BANK_A,personal,Bengaluru,2017-09-10
A1576,BANK_E,personal,Kochi,2017-05-14
A1577,BANK_B,personal,Bengaluru,2019-07-01
A1578,BANK_A,personal,Kochi,2016-03-01
A1579,BANK_B,personal,Chennai,2009-01-26
A1580,BANK_D,personal,Pune,2010-12-17
A1581,BANK_D,personal,Kolkata,2018-12-14
A1582,BANK_E,personal,Ahmedabad,2013-02-04
A1583,BANK_E,personal,Kochi,2021-09-26
A1584,BANK_E,personal,Ahmedabad,2022-08-25
A1585,BANK_B,personal,Kolkata,2009-01-08
A1586,BANK_C,personal,Jaipur,2008-07-01
A1587,BANK_C,personal,Kochi,2009-03-21
A1588,BANK_C,personal,Kolkata,2008-01-22
A1589,BANK_D,personal,Pune,2020-09-19
A1590,BANK_D,personal,Hyderabad,2015-12-17
A1591,BANK_C,personal,Delhi,2014-10-24
A1592,BANK_E,personal,Chennai,2010-05-21
A1593,BANK_A,personal,Kolkata,2019-09-25
A1594,BANK_C,personal,Jaipur,2016-01-04
A1595,BANK_A,personal,Bengaluru,2019-12-24
A1596,BANK_C,personal,Chennai,2013-01-11
A1597,BANK_A,personal,Hyderabad,2017-04-08
A1598,BANK_E,personal,Chennai,2021-02-01
A1599,BANK_D,personal,Ahmedabad,2014-10-03
A1600,BANK_C,personal,Kochi,2021-03-18
A1601,BANK_C,personal,Kolkata,2010-12-31
A1602,BANK_E,personal,Jaipur,2012-07-30
A1603,BANK_B,personal,Bengaluru,2016-03-19
A1604,BANK_C,personal,Delhi,2021-12-29
A1605,BANK_A,personal,Mumbai,2018-08-26
A1606,BANK_E,personal,Bengaluru,2011-07-23
A1607,BANK_B,personal,Bengaluru,2011-01-08
A1608,BANK_C,personal,Hyderabad,2008-04-25
A1609,BANK_C,personal,Kochi,2013-06-18
A1610,BANK_D,personal,Chennai,2023-11-13
A1611,BANK_B,personal,Bengaluru,2011-05-08
A1612,BANK_E,personal,Jaipur,2018-02-10
A1613,BANK_A,personal,Pune,2010-02-23
A1614,BANK_C,personal,Kolkata,2009-06-05
A1615,BANK_E,personal,Delhi,2022-04-25
A1616,BANK_D,personal,Delhi,2011-03-31
A1617,BANK_C,personal,Bengaluru,2022-12-04
A1618,BANK_B,personal,Jaipur,2014-01-18
A1619,BANK_E,personal,Kolkata,2017-01-05
A1620,BANK_A,personal,Kolkata,2013-12-04
A1621,BANK_D,personal,Jaipur,2008-04-04
A1622,BANK_E,personal,Chennai,2009-04-04
A1623,BANK_C,personal,Kolkata,2022-06-19
A1624,BANK_A,personal,Jaipur,2020-08-11
A1625,BANK_C,personal,Jaipur,2015-11-09
A1626,BANK_C,personal,Delhi,2021-05-03
A1627,BANK_B,personal,Jaipur,2022-06-24
A1628,BANK_B,personal,Bengaluru,2020-12-21
A1629,BANK_C,personal,Ahmedabad,2017-12-14
A1630,BANK_D,personal,Kochi,2021-07-01
A1631,BANK_B,personal,Hyderabad,2019-08-11
A1632,BANK_B,personal,Delhi,2019-01-20
A1633,BANK_B,personal,Ahmedabad,2013-07-28
A1634,BANK_B,personal,Chennai,2011-09-14
A1635,BANK_A,personal,Mumbai,2008-01-04
A1636,BANK_C,personal,Chennai,2008-12-26
A1637,BANK_A,personal,Bengaluru,2009-05-19
A1638,BANK_E,personal,Jaipur,2019-12-03
A1639,BANK_E,personal,Bengaluru,2008-07-25
A1640,BANK_E,personal,Chennai,2017-02-07
A1641,BANK_A,personal,Kochi,2012-02-29
A1642,BANK_C,personal,Ahmedabad,2013-04-30
A1643,BANK_E,personal,Chennai,2011-07-28
A1644,BANK_B,personal,Kolkata,2009-04-23
A1645,BANK_E,personal,Jaipur,2010-05-09
A1646,BANK_D,personal,Bengaluru,2008-04-11
A1647,BANK_B,personal,Delhi,2021-09-27
A1648,BANK_B,personal,Kolkata,2020-05-10
A1649,BANK_B,personal,Delhi,2022-09-24
A1650,BANK_E,personal,Kolkata,2012-06-03
A1651,BANK_B,personal,Chennai,2011-03-11
A1652,BANK_D,personal,Chennai,2017-04-07
A1653,BANK_A,personal,Delhi,2012-06-22
A1654,BANK_D,personal,Jaipur,2019-08-16
A1655,BANK_C,personal,Delhi,2021-08-21
A1656,BANK_B,personal,Mumbai,2022-05-31
A1657,BANK_D,personal,Kochi,2019-05-15
A1658,BANK_E,personal,Kolkata,2022-07-11
A1659,BANK_C,personal,Mumbai,2022-05-22
A1660,BANK_D,personal,Kolkata,2017-04-24
A1661,BANK_B,personal,Pune,2021-10-02
A1662,BANK_E,personal,Jaipur,2011-12-01
A1663,BANK_B,personal,Mumbai,2019-05-29
A1664,BANK_C,personal,Kolkata,2014-12-09
A1665,BANK_D,personal,Hyderabad,2009-06-06
A1666,BANK_B,personal,Kolkata,2014-09-25
A1667,BANK_C,personal,Delhi,2022-01-14
A1668,BANK_E,personal,Delhi,2009-02-01
A1669,BANK_D,personal,Pune,2024-03-30
A1670,BANK_D,personal,Ahmedabad,2018-09-20
A1671,BANK_C,personal,Kolkata,2024-01-17
A1672,BANK_D,personal,Delhi,2020-01-28
A1673,BANK_E,personal,Kochi,2008-02-22
A1674,BANK_E,personal,Jaipur,2016-05-31
A1675,BANK_D,personal,Kolkata,2017-10-17
A1676,BANK_B,personal,Bengaluru,2018-06-08
A1677,BANK_B,personal,Jaipur,2009-10-21
A1678,BANK_E,personal,Delhi,2022-09-14
A1679,BANK_B,personal,Pune,2018-02-23
A1680,BANK_C,personal,Hyderabad,2011-12-07
A1681,BANK_A,personal,Hyderabad,2013-01-24
A1682,BANK_D,personal,Delhi,2010-05-12
A1683,BANK_C,personal,Delhi,2013-11-11
A1684,BANK_E,personal,Chennai,2013-03-17
A1685,BANK_A,personal,Jaipur,2022-06-11
A1686,BANK_E,personal,Pune,2008-11-13
A1687,BANK_A,personal,Jaipur,2010-10-06
A1688,BANK_C,personal,Chennai,2015-07-11
A1689,BANK_A,personal,Delhi,2023-08-04
A1690,BANK_B,personal,Jaipur,2013-11-26
A1691,BANK_C,personal,Kolkata,2023-12-18
A1692,BANK_D,personal,Jaipur,2009-03-06
A1693,BANK_E,personal,Bengaluru,2013-12-18
A1694,BANK_B,personal,Jaipur,2022-04-06
A1695,BANK_D,personal,Mumbai,2020-06-02
A1696,BANK_A,personal,Ahmedabad,2023-03-27
A1697,BANK_B,personal,Delhi,2017-10-12
A1698,BANK_D,personal,Kolkata,2023-05-19
A1699,BANK_C,personal,Mumbai,2019-09-26
A1700,BANK_A,personal,Bengaluru,2013-12-13
A1701,BANK_D,personal,Kolkata,2014-08-18
A1702,BANK_A,personal,Kolkata,2022-05-26
A1703,BANK_D,personal,Delhi,2012-11-12
A1704,BANK_E,personal,Mumbai,2009-11-30
A1705,BANK_C,personal,Kolkata,2019-05-19
A1706,BANK_B,personal,Ahmedabad,2008-05-04
A1707,BANK_D,personal,Chennai,2011-10-22
A1708,BANK_A,personal,Hyderabad,2013-11-02
A1709,BANK_C,personal,Bengaluru,2013-04-18
A1710,BANK_B,personal,Bengaluru,2012-07-19
A1711,BANK_A,personal,Mumbai,2011-07-28
A1712,BANK_C,personal,Kolkata,2015-05-01
A1713,BANK_A,personal,Hyderabad,2012-04-21
A1714,BANK_C,personal,Mumbai,2016-09-19
A1715,BANK_B,personal,Chennai,2015-05-15
A1716,BANK_B,personal,Chennai,2021-06-26
A1717,BANK_A,personal,Pune,2013-05-13
A1718,BANK_C,personal,Ahmedabad,2016-07-05
A1719,BANK_D,personal,Pune,2022-02-22
A1720,BANK_B,personal,Delhi,2023-07-16
A1721,BANK_D,personal,Pune,2022-12-02
A1722,BANK_D,personal,Ahmedabad,2020-01-11
A1723,BANK_E,personal,Pune,2018-07-13
A1724,BANK_A,personal,Kolkata,2018-08-03
A1725,BANK_A,personal,Kochi,2019-11-25
A1726,BANK_A,personal,Pune,2023-08-24
A1727,BANK_C,personal,Mumbai,2008-02-22
A1728,BANK_B,personal,Ahmedabad,2008-08-05
A1729,BANK_B,personal,Jaipur,2017-10-21
A1730,BANK_E,personal,Bengaluru,2024-04-02
A1731,BANK_E,personal,Delhi,2013-03-30
A1732,BANK_E,personal,Ahmedabad,2020-10-16
A1733,BANK_D,personal,Mumbai,2014-11-26
A1734,BANK_A,personal,Chennai,2012-10-02
A1735,BANK_C,personal,Hyderabad,2016-10-12
A1736,BANK_B,personal,Chennai,2021-12-18
A1737,BANK_C,personal,Kolkata,2021-02-16
A1738,BANK_A,personal,Hyderabad,2009-09-29
A1739,BANK_A,personal,Mumbai,2020-09-04
A1740,BANK_B,personal,Mumbai,2011-11-06
A1741,BANK_D,personal,Kolkata,2011-03-30
A1742,BANK_E,personal,Delhi,2008-09-26
A1743,BANK_D,personal,Pune,2008-08-08
A1744,BANK_A,personal,Delhi,2010-07-05
A1745,BANK_A,personal,Mumbai,2010-05-23
A1746,BANK_D,personal,Kochi,2021-12-13
A1747,BANK_E,personal,Mumbai,2011-08-18
A1748,BANK_E,personal,Kolkata,2015-09-26
A1749,BANK_A,personal,Jaipur,2011-03-07
A1750,BANK_E,personal,Jaipur,2023-09-19
A1751,BANK_E,personal,Ahmedabad,2008-08-23
A1752,BANK_B,personal,Chennai,2008-09-09
A1753,BANK_B,personal,Pune,2008-12-07
A1754,BANK_C,personal,Delhi,2011-02-07
A1755,BANK_D,personal,Jaipur,2023-07-14
A1756,BANK_A,personal,Pune,2022-06-07
A1757,BANK_E,personal,Delhi,2022-03-20
A1758,BANK_C,personal,Chennai,2008-12-15
A1759,BANK_B,personal,Mumbai,2023-08-19
A1760,BANK_E,personal,Kolkata,2009-07-09
A1761,BANK_D,personal,Bengaluru,2009-01-17
A1762,BANK_B,personal,Bengaluru,2009-06-22
A1763,BANK_A,personal,Pune,2021-03-30
A1764,BANK_E,personal,Kochi,2016-02-25
A1765,BANK_C,personal,Kochi,2012-06-20
A1766,BANK_A,personal,Hyderabad,2019-12-22
A1767,BANK_E,personal,Hyderabad,2022-11-23
A1768,BANK_E,personal,Hyderabad,2009-06-24
A1769,BANK_E,personal,Bengaluru,2023-12-14
A1770,BANK_E,personal,Mumbai,2016-08-10
A1771,BANK_E,personal,Chennai,2010-05-27
A1772,BANK_A,personal,Pune,2013-07-12
A1773,BANK_D,personal,Jaipur,2012-08-12
A1774,BANK_D,personal,Kochi,2012-07-22
A1775,BANK_A,personal,Ahmedabad,2010-07-06
A1776,BANK_D,personal,Delhi,2008-10-04
A1777,BANK_C,personal,Chennai,2008-10-09
A1778,BANK_C,personal,Kolkata,2022-03-23
A1779,BANK_A,personal,Chennai,2009-12-17
A1780,BANK_C,personal,Pune,2022-03-01
A1781,BANK_A,personal,Mumbai,2022-03-07
A1782,BANK_C,personal,Hyderabad,2014-06-12
A1783,BANK_B,personal,Jaipur,2018-09-13
A1784,BANK_A,personal,Ahmedabad,2010-03-29
A1785,BANK_E,personal,Bengaluru,2010-12-22
A1786,BANK_C,personal,Mumbai,2010-03-12
A1787,BANK_B,personal,Chennai,2022-06-30
A1788,BANK_A,personal,Bengaluru,2012-08-06
A1789,BANK_C,personal,Delhi,2014-08-09
A1790,BANK_E,personal,Hyderabad,2015-02-27
A1791,BANK_C,personal,Mumbai,2015-07-19
A1792,BANK_B,personal,Ahmedabad,2017-07-03
A1793,BANK_D,personal,Mumbai,2013-11-09
A1794,BANK_D,personal,Hyderabad,2008-06-20
A1795,BANK_B,personal,Pune,2015-11-14
A1796,BANK_B,personal,Ahmedabad,2013-10-03
A1797,BANK_A,personal,Ahmedabad,2014-05-04
A1798,BANK_D,personal,Hyderabad,2009-01-31
A1799,BANK_A,personal,Mumbai,2024-01-20
A1800,BANK_C,personal,Kochi,2016-04-02
A1801,BANK_B,personal,Pune,2015-03-13
A1802,BANK_A,personal,Delhi,2021-07-02
A1803,BANK_B,personal,Kolkata,2019-04-19
A1804,BANK_A,personal,Pune,2018-09-05
A1805,BANK_C,personal,Kolkata,2014-06-14
A1806,BANK_C,personal,Delhi,2021-11-12
A1807,BANK_E,personal,Ahmedabad,2008-09-10
A1808,BANK_D,personal,Chennai,2017-04-05
A1809,BANK_E,personal,Hyderabad,2008-09-12
A1810,BANK_D,personal,Ahmedabad,2017-10-15
A1811,BANK_C,personal,Ahmedabad,2019-08-19
A1812,BANK_A,personal,Hyderabad,2010-03-16
A1813,BANK_B,personal,Bengaluru,2015-10-11
A1814,BANK_C,personal,Hyderabad,2018-07-08
A1815,BANK_C,personal,Jaipur,2023-10-21
A1816,BANK_A,personal,Chennai,2009-01-29
A1817,BANK_C,personal,Delhi,2020-01-24
A1818,BANK_C,personal,Mumbai,2020-09-11
A1819,BANK_A,personal,Mumbai,2012-11-09
A1820,BANK_C,personal,Kolkata,2024-01-09
A1821,BANK_D,personal,Kochi,2010-01-14
A1822,BANK_D,personal,Pune,2020-11-19
A1823,BANK_D,personal,Jaipur,2014-06-10
A1824,BANK_D,personal,Bengaluru,2011-10-27
A1825,BANK_C,personal,Kochi,2017-10-12
A1826,BANK_B,personal,Chennai,2008-01-11
A1827,BANK_D,personal,Pune,2019-09-28
A1828,BANK_D,personal,Kochi,2012-07-13
A1829,BANK_C,personal,Pune,2014-06-20
A1830,BANK_E,personal,Kochi,2009-03-18
A1831,BANK_C,personal,Ahmedabad,2008-02-05
A1832,BANK_A,personal,Jaipur,2015-10-20
A1833,BANK_D,personal,Bengaluru,2019-01-03
A1834,BANK_A,personal,Ahmedabad,2010-02-22
A1835,BANK_D,personal,Hyderabad,2019-01-09
A1836,BANK_E,personal,Mumbai,2023-08-05
A1837,BANK_B,personal,Pune,2012-02-20
A1838,BANK_E,personal,Chennai,2019-02-03
A1839,BANK_C,personal,Kochi,2021-04-16
A1840,BANK_C,personal,Jaipur,2015-10-15
A1841,BANK_A,personal,Kochi,2019-07-22
A1842,BANK_A,personal,Jaipur,2013-11-04
A1843,BANK_C,personal,Jaipur,2020-12-18
A1844,BANK_C,personal,Delhi,2011-07-25
A1845,BANK_C,personal,Mumbai,2014-05-13
A1846,BANK_D,personal,Ahmedabad,2012-10-24
A1847,BANK_E,personal,Delhi,2023-09-09
A1848,BANK_D,personal,Delhi,2013-03-11
A1849,BANK_B,personal,Bengaluru,2019-03-06
A1850,BANK_D,personal,Bengaluru,2011-09-20
A1851,BANK_C,personal,Delhi,2010-06-19
A1852,BANK_D,personal,Chennai,2022-04-11
A1853,BANK_A,personal,Pune,2009-10-24
A1854,BANK_C,personal,Mumbai,2018-12-30
A1855,BANK_E,personal,Pune,2023-08-21
A1856,BANK_D,personal,Bengaluru,2020-08-02
A1857,BANK_C,personal,Delhi,2010-05-06
A1858,BANK_A,personal,Jaipur,2022-01-31
A1859,BANK_A,personal,Hyderabad,2015-04-29
A1860,BANK_D,personal,Kolkata,2015-12-23
A1861,BANK_C,personal,Mumbai,2010-02-18
A1862,BANK_E,personal,Mumbai,2016-12-31
A1863,BANK_B,personal,Pune,2016-11-06
A1864,BANK_A,personal,Kochi,2009-12-06
A1865,BANK_B,personal,Pune,2017-06-20
A1866,BANK_E,personal,Kochi,2022-06-26
A1867,BANK_D,personal,Kolkata,2008-07-25
A1868,BANK_A,personal,Hyderabad,2016-05-05
A1869,BANK_B,personal,Kochi,2012-08-15
A1870,BANK_A,personal,Ahmedabad,2014-10-19
A1871,BANK_B,personal,Chennai,2013-11-26
A1872,BANK_C,personal,Jaipur,2017-08-07
A1873,BANK_C,personal,Jaipur,2020-03-22
A1874,BANK_D,personal,Kochi,2019-03-29
A1875,BANK_E,personal,Pune,2011-11-02
A1876,BANK_A,personal,Mumbai,2016-07-04
A1877,BANK_E,personal,Pune,2022-02-23
A1878,BANK_B,personal,Delhi,2013-03-28
A1879,BANK_D,personal,Delhi,2018-05-03
A1880,BANK_C,personal,Jaipur,2010-11-05
A1881,BANK_C,personal,Jaipur,2019-12-03
A1882,BANK_D,personal,Jaipur,2021-04-28
A1883,BANK_A,personal,Mumbai,2023-06-17
A1884,BANK_E,personal,Mumbai,2021-07-30
A1885,BANK_B,personal,Jaipur,2022-06-30
A1886,BANK_E,personal,Mumbai,2008-10-04
A1887,BANK_C,personal,Hyderabad,2015-10-25
A1888,BANK_D,personal,Kochi,2021-01-16
A1889,BANK_C,personal,Kolkata,2015-04-30
A1890,BANK_C,personal,Pune,2019-09-14
A1891,BANK_B,personal,Hyderabad,2011-06-26
A1892,BANK_A,personal,Pune,2018-02-05
A1893,BANK_A,personal,Ahmedabad,2022-11-06
A1894,BANK_B,personal,Jaipur,2020-06-02
A1895,BANK_D,personal,Jaipur,2015-04-02
A1896,BANK_E,personal,Ahmedabad,2011-10-20
A1897,BANK_D,personal,Chennai,2018-05-22
A1898,BANK_E,personal,Delhi,2017-11-03
A1899,BANK_A,personal,Hyderabad,2023-06-15
A1900,BANK_C,personal,Pune,2013-10-08
A1901,BANK_C,personal,Delhi,2020-12-27
A1902,BANK_D,personal,Jaipur,2013-03-07
A1903,BANK_B,personal,Jaipur,2010-10-29
A1904,BANK_E,personal,Pune,2015-06-29
A1905,BANK_C,personal,Chennai,2018-05-12
A1906,BANK_D,personal,Pune,2022-06-01
A1907,BANK_B,personal,Kolkata,2023-08-16
A1908,BANK_A,personal,Bengaluru,2013-05-03
A1909,BANK_B,personal,Chennai,2019-05-22
A1910,BANK_A,personal,Ahmedabad,2012-04-18
A1911,BANK_D,personal,Hyderabad,2013-12-31
A1912,BANK_B,personal,Kolkata,2014-10-05
A1913,BANK_D,personal,Chennai,2023-10-09
A1914,BANK_A,personal,Kolkata,2021-11-05
A1915,BANK_C,personal,Hyderabad,2011-06-20
A1916,BANK_C,personal,Hyderabad,2024-03-22
A1917,BANK_A,personal,Hyderabad,2011-07-01
A1918,BANK_E,personal,Ahmedabad,2013-07-21
A1919,BANK_E,personal,Mumbai,2024-03-21
A1920,BANK_C,personal,Bengaluru,2015-04-29
A1921,BANK_C,personal,Delhi,2021-07-09
A1922,BANK_B,personal,Hyderabad,2019-09-17
A1923,BANK_B,personal,Ahmedabad,2015-10-26
A1924,BANK_C,personal,Kolkata,2011-08-11
A1925,BANK_E,personal,Hyderabad,2013-04-19
A1926,BANK_B,personal,Pune,2015-05-11
A1927,BANK_A,personal,Jaipur,2012-03-30
A1928,BANK_B,personal,Mumbai,2013-10-20
A1929,BANK_B,personal,Bengaluru,2024-05-05
A1930,BANK_B,personal,Ahmedabad,2010-04-13
A1931,BANK_D,personal,Bengaluru,2011-09-10
A1932,BANK_A,personal,Pune,2022-10-03
A1933,BANK_C,personal,Ahmedabad,2010-04-12
A1934,BANK_E,personal,Kochi,2012-05-19
A1935,BANK_E,personal,Kolkata,2016-08-13
A1936,BANK_C,personal,Chennai,2011-05-21
A1937,BANK_D,personal,Kochi,2011-04-30
A1938,BANK_E,personal,Delhi,2014-10-10
A1939,BANK_B,personal,Mumbai,2014-09-02
A1940,BANK_E,personal,Hyderabad,2017-10-02
A1941,BANK_A,personal,Kochi,2014-02-21
A1942,BANK_A,personal,Pune,2012-05-26
A1943,BANK_C,personal,Delhi,2010-06-14
A1944,BANK_D,personal,Kochi,2022-04-23
A1945,BANK_D,personal,Jaipur,2010-05-25
A1946,BANK_E,personal,Chennai,2014-04-19
A1947,BANK_D,personal,Delhi,2012-08-18
A1948,BANK_D,personal,Bengaluru,2016-09-16
A1949,BANK_E,personal,Bengaluru,2018-05-28
A1950,BANK_A,personal,Chennai,2008-10-04
A1951,BANK_B,personal,Bengaluru,2008-04-13
A1952,BANK_C,personal,Chennai,2016-12-12
A1953,BANK_A,personal,Ahmedabad,2017-10-16
A1954,BANK_D,personal,Chennai,2023-07-21
A1955,BANK_D,personal,Kolkata,2012-12-27
A1956,BANK_E,personal,Bengaluru,2019-03-23
A1957,BANK_C,personal,Hyderabad,2022-03-08
A1958,BANK_B,personal,Kolkata,2014-08-23
A1959,BANK_E,personal,Ahmedabad,2018-05-23
A1960,BANK_E,personal,Kochi,2008-06-30
A1961,BANK_B,personal,Pune,2011-03-07
A1962,BANK_B,personal,Mumbai,2013-10-08
A1963,BANK_D,personal,Chennai,2021-07-16
A1964,BANK_E,personal,Bengaluru,2017-01-28
A1965,BANK_A,personal,Kolkata,2008-02-15
A1966,BANK_A,personal,Ahmedabad,2013-06-07
A1967,BANK_E,personal,Jaipur,2017-08-23
A1968,BANK_B,personal,Ahmedabad,2023-09-22
A1969,BANK_C,personal,Delhi,2020-11-15
A1970,BANK_B,personal,Ahmedabad,2021-03-05
A1971,BANK_B,personal,Jaipur,2022-07-07
A1972,BANK_C,personal,Kochi,2017-06-12
A1973,BANK_B,personal,Kolkata,2013-02-15
A1974,BANK_C,personal,Kolkata,2022-12-24
A1975,BANK_E,personal,Delhi,2024-03-13
A1976,BANK_C,personal,Hyderabad,2022-08-20
A1977,BANK_A,personal,Mumbai,2022-05-23
A1978,BANK_C,personal,Hyderabad,2023-09-14
A1979,BANK_B,personal,Chennai,2021-02-03
A1980,BANK_E,personal,Pune,2013-02-15
A1981,BANK_C,personal,Chennai,2023-03-30
A1982,BANK_B,personal,Delhi,2012-01-26
A1983,BANK_C,personal,Jaipur,2022-05-22
A1984,BANK_E,personal,Bengaluru,2010-10-14
A1985,BANK_E,personal,Bengaluru,2018-03-07
A1986,BANK_A,personal,Bengaluru,2017-09-13
A1987,BANK_E,personal,Bengaluru,2015-01-08
A1988,BANK_B,personal,Hyderabad,2013-10-29
A1989,BANK_E,personal,Pune,2022-02-02
A1990,BANK_E,personal,Kochi,2023-09-18
A1991,BANK_B,personal,Chennai,2010-03-12
A1992,BANK_B,personal,Chennai,2017-05-30
A1993,BANK_E,personal,Ahmedabad,2013-06-08
A1994,BANK_E,personal,Delhi,2016-12-21
A1995,BANK_C,personal,Delhi,2023-12-30
A1996,BANK_E,personal,Jaipur,2023-12-25
A1997,BANK_A,personal,Chennai,2022-02-13
A1998,BANK_A,personal,Bengaluru,2011-07-05
A1999,BANK_A,personal,Hyderabad,2013-08-10
A2000,BANK_A,personal,Jaipur,2017-07-01
